"site_name","site_id","device_name","device_id","phase_name","phase_id","start_time","end_time","alarm_info"
"望海风电场","HwQOuWzt","A09","QnOidfnp","望海风电场","3Vymz9CG","2024-03-17 04:10:00","2024-03-17 08:10:00","发电机非驱动端轴承温升异常"
"望海风电场","HwQOuWzt","A09","QnOidfnp","望海风电场","3Vymz9CG","2024-08-27 12:10:00","2024-08-27 13:10:00","发电机非驱动端轴承温度异常"
"望海风电场","HwQOuWzt","A09","QnOidfnp","望海风电场","3Vymz9CG","2024-07-06 02:00:00","2024-07-06 03:00:00","发电机非驱动端轴承温度异常"
"望海风电场","HwQOuWzt","A09","QnOidfnp","望海风电场","3Vymz9CG","2024-07-04 10:20:00","2024-07-04 11:50:00","发电机非驱动端轴承温度异常"
"望海风电场","HwQOuWzt","A09","QnOidfnp","望海风电场","3Vymz9CG","2024-05-15 04:20:00","2024-05-15 05:20:00","发电机非驱动端轴承温度异常"
"望海风电场","HwQOuWzt","A09","QnOidfnp","望海风电场","3Vymz9CG","2024-03-22 01:00:00","2024-03-22 02:20:00","发电机非驱动端轴承温度异常"
"望海风电场","HwQOuWzt","A09","QnOidfnp","望海风电场","3Vymz9CG","2024-04-25 00:00:00","2024-04-25 01:20:00","发电机非驱动端轴承温升异常"
"望海风电场","HwQOuWzt","A09","QnOidfnp","望海风电场","3Vymz9CG","2024-04-24 22:00:00","2024-04-24 23:00:00","发电机非驱动端轴承温升异常"
"望海风电场","HwQOuWzt","A09","QnOidfnp","望海风电场","3Vymz9CG","2024-03-28 19:40:00","2024-03-28 23:50:00","发电机非驱动端轴承温升异常"
"望海风电场","HwQOuWzt","A09","QnOidfnp","望海风电场","3Vymz9CG","2024-03-23 13:00:00","2024-03-23 15:20:00","发电机非驱动端轴承温升异常"
"望海风电场","HwQOuWzt","A09","QnOidfnp","望海风电场","3Vymz9CG","2024-03-22 00:20:00","2024-03-22 03:00:00","发电机非驱动端轴承温升异常"
"望海风电场","HwQOuWzt","A20","0ns2unTC","望海风电场","3Vymz9CG","2024-07-23 20:00:00","2024-07-23 20:50:00","发电机非驱动端轴承温升异常"
"望海风电场","HwQOuWzt","A20","0ns2unTC","望海风电场","3Vymz9CG","2024-07-06 01:10:00","2024-07-06 02:50:00","发电机非驱动端轴承温度异常"
"魁通沟风电场","1a650d6562800000","#017","1a67a951f3802000","魁通沟Ⅰ期","1a650d6564800000","2024-04-25 14:10:00","2024-04-25 16:40:00","发电机非驱动端轴承温度异常"
"魁通沟风电场","1a650d6562800000","#017","1a67a951f3802000","魁通沟Ⅰ期","1a650d6564800000","2024-04-14 00:00:00","2024-04-14 00:30:00","发电机非驱动端轴承温度异常"
"魁通沟风电场","1a650d6562800000","#017","1a67a951f3802000","魁通沟Ⅰ期","1a650d6564800000","2024-04-13 23:30:00","2024-04-13 23:50:00","发电机非驱动端轴承温度异常"
"魁通沟风电场","1a650d6562800000","#017","1a67a951f3802000","魁通沟Ⅰ期","1a650d6564800000","2024-07-22 04:30:00","2024-07-22 05:50:00","发电机非驱动端轴承温升异常"
"魁通沟风电场","1a650d6562800000","#017","1a67a951f3802000","魁通沟Ⅰ期","1a650d6564800000","2024-04-14 00:00:00","2024-04-14 00:50:00","发电机非驱动端轴承温升异常"
"魁通沟风电场","1a650d6562800000","#027","1a67a95204000000","魁通沟Ⅰ期","1a650d6564800000","2024-05-18 02:10:00","2024-05-18 03:20:00","发电机非驱动端轴承温升异常"
"魁通沟风电场","1a650d6562800000","#027","1a67a95204000000","魁通沟Ⅰ期","1a650d6564800000","2024-05-18 02:30:00","2024-05-18 03:10:00","发电机非驱动端轴承温度异常"
"魁通沟风电场","1a650d6562800000","#033","1a67a9520f002000","魁通沟Ⅰ期","1a650d6564800000","2024-06-10 08:10:00","2024-06-10 10:00:00","发电机非驱动端轴承温升异常"
"魁通沟风电场","1a650d6562800000","#033","1a67a9520f002000","魁通沟Ⅰ期","1a650d6564800000","2024-06-10 08:40:00","2024-06-10 09:40:00","发电机非驱动端轴承温度异常"
"魁通沟风电场","1a650d6562800000","#070","1a67a9524e800000","魁通沟Ⅰ期","1a650d6564800000","2024-08-09 18:30:00","2024-08-09 22:10:00","发电机非驱动端轴承温升异常"
"魁通沟风电场","1a650d6562800000","#070","1a67a9524e800000","魁通沟Ⅰ期","1a650d6564800000","2024-08-11 16:50:00","2024-08-11 17:30:00","发电机非驱动端轴承温度异常"
"魁通沟风电场","1a650d6562800000","#070","1a67a9524e800000","魁通沟Ⅰ期","1a650d6564800000","2024-08-09 18:40:00","2024-08-09 21:30:00","发电机非驱动端轴承温度异常"
"魁通沟风电场","1a650d6562800000","#070","1a67a9524e800000","魁通沟Ⅰ期","1a650d6564800000","2024-08-11 16:00:00","2024-08-11 18:30:00","发电机非驱动端轴承温升异常"
"魁通沟风电场","1a650d6562800000","#070","1a67a9524e800000","魁通沟Ⅰ期","1a650d6564800000","2024-08-10 19:50:00","2024-08-10 23:50:00","发电机非驱动端轴承温升异常"
"望海风电场","HwQOuWzt","A18","8MEOwhtM","望海风电场","3Vymz9CG","2024-05-18 01:40:00","2024-05-18 04:30:00","发电机非驱动端轴承温升异常"
"英图风电场","xoyzYv2u","#116","caB9uXxy","英图Ⅲ期","ufPXJ9G7","2024-05-10 14:00:00","2024-05-10 15:30:00","发电机非驱动端轴承温升异常"
"英图风电场","xoyzYv2u","#116","caB9uXxy","英图Ⅲ期","ufPXJ9G7","2024-06-22 11:00:00","2024-06-22 18:00:00","发电机非驱动端轴承温度异常"
"英图风电场","xoyzYv2u","#116","caB9uXxy","英图Ⅲ期","ufPXJ9G7","2024-06-05 13:40:00","2024-06-05 20:40:00","发电机非驱动端轴承温度异常"
"英图风电场","xoyzYv2u","#116","caB9uXxy","英图Ⅲ期","ufPXJ9G7","2024-05-30 14:50:00","2024-05-30 20:40:00","发电机非驱动端轴承温度异常"
"英图风电场","xoyzYv2u","#116","caB9uXxy","英图Ⅲ期","ufPXJ9G7","2024-05-26 00:00:00","2024-05-26 18:50:00","发电机非驱动端轴承温度异常"
"英图风电场","xoyzYv2u","#116","caB9uXxy","英图Ⅲ期","ufPXJ9G7","2024-05-25 22:30:00","2024-05-25 23:50:00","发电机非驱动端轴承温度异常"
"英图风电场","xoyzYv2u","#116","caB9uXxy","英图Ⅲ期","ufPXJ9G7","2024-05-16 17:30:00","2024-05-16 19:40:00","发电机非驱动端轴承温度异常"
"英图风电场","xoyzYv2u","#116","caB9uXxy","英图Ⅲ期","ufPXJ9G7","2024-05-13 19:00:00","2024-05-13 19:50:00","发电机非驱动端轴承温度异常"
"英图风电场","xoyzYv2u","#116","caB9uXxy","英图Ⅲ期","ufPXJ9G7","2024-05-11 08:10:00","2024-05-11 19:20:00","发电机非驱动端轴承温度异常"
"英图风电场","xoyzYv2u","#116","caB9uXxy","英图Ⅲ期","ufPXJ9G7","2024-05-10 13:50:00","2024-05-10 15:40:00","发电机非驱动端轴承温度异常"
"英图风电场","xoyzYv2u","#116","caB9uXxy","英图Ⅲ期","ufPXJ9G7","2024-06-05 17:30:00","2024-06-05 19:50:00","发电机非驱动端轴承温升异常"
"英图风电场","xoyzYv2u","#116","caB9uXxy","英图Ⅲ期","ufPXJ9G7","2024-05-30 16:10:00","2024-05-30 20:00:00","发电机非驱动端轴承温升异常"
"英图风电场","xoyzYv2u","#116","caB9uXxy","英图Ⅲ期","ufPXJ9G7","2024-05-26 00:00:00","2024-05-26 18:40:00","发电机非驱动端轴承温升异常"
"魁通沟风电场","1a650d6562800000","#068","1a67a9524b000000","魁通沟Ⅰ期","1a650d6564800000","2024-06-11 05:30:00","2024-06-11 08:00:00","发电机非驱动端轴承温度异常"
"魁通沟风电场","1a650d6562800000","#068","1a67a9524b000000","魁通沟Ⅰ期","1a650d6564800000","2024-05-30 12:20:00","2024-05-30 19:50:00","发电机非驱动端轴承温度异常"
"魁通沟风电场","1a650d6562800000","#068","1a67a9524b000000","魁通沟Ⅰ期","1a650d6564800000","2024-05-29 03:00:00","2024-05-29 03:30:00","发电机非驱动端轴承温度异常"
"魁通沟风电场","1a650d6562800000","#068","1a67a9524b000000","魁通沟Ⅰ期","1a650d6564800000","2024-05-26 17:00:00","2024-05-26 19:30:00","发电机非驱动端轴承温度异常"
"魁通沟风电场","1a650d6562800000","#068","1a67a9524b000000","魁通沟Ⅰ期","1a650d6564800000","2024-05-14 00:20:00","2024-05-14 01:00:00","发电机非驱动端轴承温度异常"
"魁通沟风电场","1a650d6562800000","#068","1a67a9524b000000","魁通沟Ⅰ期","1a650d6564800000","2024-05-10 12:40:00","2024-05-10 14:10:00","发电机非驱动端轴承温度异常"
"魁通沟风电场","1a650d6562800000","#068","1a67a9524b000000","魁通沟Ⅰ期","1a650d6564800000","2024-04-13 21:20:00","2024-04-13 21:40:00","发电机非驱动端轴承温度异常"
"魁通沟风电场","1a650d6562800000","#068","1a67a9524b000000","魁通沟Ⅰ期","1a650d6564800000","2024-03-16 00:00:00","2024-03-16 01:00:00","发电机非驱动端轴承温度异常"
"魁通沟风电场","1a650d6562800000","#068","1a67a9524b000000","魁通沟Ⅰ期","1a650d6564800000","2024-03-15 23:10:00","2024-03-15 23:50:00","发电机非驱动端轴承温度异常"
"魁通沟风电场","1a650d6562800000","#068","1a67a9524b000000","魁通沟Ⅰ期","1a650d6564800000","2024-08-11 18:40:00","2024-08-11 21:10:00","发电机非驱动端轴承温升异常"
"魁通沟风电场","1a650d6562800000","#068","1a67a9524b000000","魁通沟Ⅰ期","1a650d6564800000","2024-08-09 14:30:00","2024-08-09 20:00:00","发电机非驱动端轴承温升异常"
"魁通沟风电场","1a650d6562800000","#068","1a67a9524b000000","魁通沟Ⅰ期","1a650d6564800000","2024-06-11 06:30:00","2024-06-11 09:00:00","发电机非驱动端轴承温升异常"
"魁通沟风电场","1a650d6562800000","#068","1a67a9524b000000","魁通沟Ⅰ期","1a650d6564800000","2024-05-30 12:10:00","2024-05-30 20:00:00","发电机非驱动端轴承温升异常"
"魁通沟风电场","1a650d6562800000","#068","1a67a9524b000000","魁通沟Ⅰ期","1a650d6564800000","2024-05-29 01:50:00","2024-05-29 04:00:00","发电机非驱动端轴承温升异常"
"魁通沟风电场","1a650d6562800000","#068","1a67a9524b000000","魁通沟Ⅰ期","1a650d6564800000","2024-05-26 02:00:00","2024-05-26 03:50:00","发电机非驱动端轴承温升异常"
"魁通沟风电场","1a650d6562800000","#068","1a67a9524b000000","魁通沟Ⅰ期","1a650d6564800000","2024-05-14 00:00:00","2024-05-14 01:40:00","发电机非驱动端轴承温升异常"
"魁通沟风电场","1a650d6562800000","#068","1a67a9524b000000","魁通沟Ⅰ期","1a650d6564800000","2024-05-10 11:50:00","2024-05-10 20:20:00","发电机非驱动端轴承温升异常"
"魁通沟风电场","1a650d6562800000","#068","1a67a9524b000000","魁通沟Ⅰ期","1a650d6564800000","2024-04-14 00:30:00","2024-04-14 02:10:00","发电机非驱动端轴承温升异常"
"魁通沟风电场","1a650d6562800000","#068","1a67a9524b000000","魁通沟Ⅰ期","1a650d6564800000","2024-03-27 20:10:00","2024-03-27 21:00:00","发电机非驱动端轴承温升异常"
"魁通沟风电场","1a650d6562800000","#068","1a67a9524b000000","魁通沟Ⅰ期","1a650d6564800000","2024-03-16 00:00:00","2024-03-16 02:50:00","发电机非驱动端轴承温升异常"
"魁通沟风电场","1a650d6562800000","#068","1a67a9524b000000","魁通沟Ⅰ期","1a650d6564800000","2024-03-15 00:00:00","2024-03-15 23:50:00","发电机非驱动端轴承温升异常"
"魁通沟风电场","1a650d6562800000","#068","1a67a9524b000000","魁通沟Ⅰ期","1a650d6564800000","2024-03-14 22:50:00","2024-03-14 23:50:00","发电机非驱动端轴承温升异常"
"魁通沟风电场","1a650d6562800000","#068","1a67a9524b000000","魁通沟Ⅰ期","1a650d6564800000","2024-02-17 18:20:00","2024-02-17 19:50:00","发电机非驱动端轴承温升异常"
"昆头岭风电场","b7a5qrac","#82","BLdOAbhF","昆头岭Ⅲ期","VNyTeDEw","2024-01-21 05:10:00","2024-01-21 22:50:00","发电机驱动端轴承温升异常"
"昆头岭风电场","b7a5qrac","#82","BLdOAbhF","昆头岭Ⅲ期","VNyTeDEw","2024-05-23 00:00:00","2024-05-23 02:00:00","发电机驱动端轴承温升异常"
"昆头岭风电场","b7a5qrac","#82","BLdOAbhF","昆头岭Ⅲ期","VNyTeDEw","2024-05-22 00:00:00","2024-05-22 23:50:00","发电机驱动端轴承温升异常"
"昆头岭风电场","b7a5qrac","#82","BLdOAbhF","昆头岭Ⅲ期","VNyTeDEw","2024-05-21 20:00:00","2024-05-21 23:50:00","发电机驱动端轴承温升异常"
"昆头岭风电场","b7a5qrac","#82","BLdOAbhF","昆头岭Ⅲ期","VNyTeDEw","2024-05-18 01:10:00","2024-05-18 17:30:00","发电机驱动端轴承温升异常"
"昆头岭风电场","b7a5qrac","#82","BLdOAbhF","昆头岭Ⅲ期","VNyTeDEw","2024-01-22 01:40:00","2024-01-22 22:20:00","发电机驱动端轴承温升异常"
"魁通沟风电场","1a650d6562800000","#029","1a67a95208002000","魁通沟Ⅰ期","1a650d6564800000","2024-05-13 20:00:00","2024-05-13 23:50:00","发电机非驱动端轴承温升异常"
"魁通沟风电场","1a650d6562800000","#029","1a67a95208002000","魁通沟Ⅰ期","1a650d6564800000","2024-07-22 02:20:00","2024-07-22 03:00:00","发电机非驱动端轴承温度异常"
"魁通沟风电场","1a650d6562800000","#029","1a67a95208002000","魁通沟Ⅰ期","1a650d6564800000","2024-05-13 21:40:00","2024-05-13 23:50:00","发电机非驱动端轴承温度异常"
"望海风电场","HwQOuWzt","A19","jWjRUYZZ","望海风电场","3Vymz9CG","2024-06-13 19:50:00","2024-06-13 21:40:00","发电机非驱动端轴承温升异常"
"望海风电场","HwQOuWzt","A19","jWjRUYZZ","望海风电场","3Vymz9CG","2024-07-06 00:00:00","2024-07-06 02:20:00","发电机非驱动端轴承温度异常"
"望海风电场","HwQOuWzt","A19","jWjRUYZZ","望海风电场","3Vymz9CG","2024-07-05 22:40:00","2024-07-05 23:50:00","发电机非驱动端轴承温度异常"
"魁通沟风电场","1a650d6562800000","#007","1a67a951e3000000","魁通沟Ⅰ期","1a650d6564800000","2024-04-25 16:40:00","2024-04-25 19:00:00","发电机非驱动端轴承温度异常"
"魁通沟风电场","1a650d6562800000","#061","1a67a9523f802000","魁通沟Ⅰ期","1a650d6564800000","2024-06-10 07:10:00","2024-06-10 09:50:00","发电机非驱动端轴承温升异常"
"魁通沟风电场","1a650d6562800000","#061","1a67a9523f802000","魁通沟Ⅰ期","1a650d6564800000","2024-09-04 12:30:00","2024-09-04 13:20:00","发电机非驱动端轴承温度异常"
"魁通沟风电场","1a650d6562800000","#061","1a67a9523f802000","魁通沟Ⅰ期","1a650d6564800000","2024-09-03 20:30:00","2024-09-03 21:30:00","发电机非驱动端轴承温度异常"
"魁通沟风电场","1a650d6562800000","#061","1a67a9523f802000","魁通沟Ⅰ期","1a650d6564800000","2024-04-25 17:40:00","2024-04-25 18:10:00","发电机非驱动端轴承温度异常"
"魁通沟风电场","1a650d6562800000","#061","1a67a9523f802000","魁通沟Ⅰ期","1a650d6564800000","2024-09-04 12:30:00","2024-09-04 13:30:00","发电机非驱动端轴承温升异常"
"魁通沟风电场","1a650d6562800000","#061","1a67a9523f802000","魁通沟Ⅰ期","1a650d6564800000","2024-09-03 20:20:00","2024-09-03 21:40:00","发电机非驱动端轴承温升异常"
"英图风电场","xoyzYv2u","#139","q0zqoA8G","英图Ⅲ期","ufPXJ9G7","2024-06-13 10:50:00","2024-06-13 11:30:00","发电机驱动端轴承温度异常"
"英图风电场","xoyzYv2u","#139","q0zqoA8G","英图Ⅲ期","ufPXJ9G7","2024-07-14 00:00:00","2024-07-14 04:50:00","发电机驱动端轴承温升异常"
"英图风电场","xoyzYv2u","#139","q0zqoA8G","英图Ⅲ期","ufPXJ9G7","2024-07-13 00:00:00","2024-07-13 23:50:00","发电机驱动端轴承温升异常"
"英图风电场","xoyzYv2u","#139","q0zqoA8G","英图Ⅲ期","ufPXJ9G7","2024-07-12 00:00:00","2024-07-12 23:50:00","发电机驱动端轴承温升异常"
"英图风电场","xoyzYv2u","#139","q0zqoA8G","英图Ⅲ期","ufPXJ9G7","2024-07-11 17:20:00","2024-07-11 23:50:00","发电机驱动端轴承温升异常"
"英图风电场","xoyzYv2u","#139","q0zqoA8G","英图Ⅲ期","ufPXJ9G7","2024-07-09 00:00:00","2024-07-09 22:40:00","发电机驱动端轴承温升异常"
"英图风电场","xoyzYv2u","#139","q0zqoA8G","英图Ⅲ期","ufPXJ9G7","2024-07-08 10:40:00","2024-07-08 23:50:00","发电机驱动端轴承温升异常"
"英图风电场","xoyzYv2u","#139","q0zqoA8G","英图Ⅲ期","ufPXJ9G7","2024-07-05 18:20:00","2024-07-05 22:40:00","发电机驱动端轴承温升异常"
"英图风电场","xoyzYv2u","#139","q0zqoA8G","英图Ⅲ期","ufPXJ9G7","2024-07-03 08:00:00","2024-07-03 18:40:00","发电机驱动端轴承温升异常"
"英图风电场","xoyzYv2u","#139","q0zqoA8G","英图Ⅲ期","ufPXJ9G7","2024-07-02 02:10:00","2024-07-02 08:40:00","发电机驱动端轴承温升异常"
"英图风电场","xoyzYv2u","#139","q0zqoA8G","英图Ⅲ期","ufPXJ9G7","2024-07-01 15:40:00","2024-07-01 18:20:00","发电机驱动端轴承温升异常"
"英图风电场","xoyzYv2u","#139","q0zqoA8G","英图Ⅲ期","ufPXJ9G7","2024-06-28 00:00:00","2024-06-28 10:30:00","发电机驱动端轴承温升异常"
"英图风电场","xoyzYv2u","#139","q0zqoA8G","英图Ⅲ期","ufPXJ9G7","2024-06-27 00:00:00","2024-06-27 23:50:00","发电机驱动端轴承温升异常"
"英图风电场","xoyzYv2u","#139","q0zqoA8G","英图Ⅲ期","ufPXJ9G7","2024-06-26 11:30:00","2024-06-26 23:20:00","发电机驱动端轴承温升异常"
"英图风电场","xoyzYv2u","#139","q0zqoA8G","英图Ⅲ期","ufPXJ9G7","2024-06-23 00:00:00","2024-06-23 22:20:00","发电机驱动端轴承温升异常"
"英图风电场","xoyzYv2u","#139","q0zqoA8G","英图Ⅲ期","ufPXJ9G7","2024-06-22 00:00:00","2024-06-22 23:50:00","发电机驱动端轴承温升异常"
"英图风电场","xoyzYv2u","#139","q0zqoA8G","英图Ⅲ期","ufPXJ9G7","2024-06-21 16:50:00","2024-06-21 23:40:00","发电机驱动端轴承温升异常"
"英图风电场","xoyzYv2u","#139","q0zqoA8G","英图Ⅲ期","ufPXJ9G7","2024-06-19 00:00:00","2024-06-19 23:10:00","发电机驱动端轴承温升异常"
"英图风电场","xoyzYv2u","#139","q0zqoA8G","英图Ⅲ期","ufPXJ9G7","2024-06-18 00:00:00","2024-06-18 23:50:00","发电机驱动端轴承温升异常"
"英图风电场","xoyzYv2u","#139","q0zqoA8G","英图Ⅲ期","ufPXJ9G7","2024-06-17 20:40:00","2024-06-17 23:50:00","发电机驱动端轴承温升异常"
"英图风电场","xoyzYv2u","#139","q0zqoA8G","英图Ⅲ期","ufPXJ9G7","2024-06-14 03:50:00","2024-06-14 23:40:00","发电机驱动端轴承温升异常"
"英图风电场","xoyzYv2u","#139","q0zqoA8G","英图Ⅲ期","ufPXJ9G7","2024-06-13 01:20:00","2024-06-13 20:10:00","发电机驱动端轴承温升异常"
"英图风电场","xoyzYv2u","#139","q0zqoA8G","英图Ⅲ期","ufPXJ9G7","2024-06-12 12:50:00","2024-06-12 23:40:00","发电机驱动端轴承温升异常"
"英图风电场","xoyzYv2u","#139","q0zqoA8G","英图Ⅲ期","ufPXJ9G7","2024-06-11 15:00:00","2024-06-11 21:20:00","发电机驱动端轴承温升异常"
"英图风电场","xoyzYv2u","#139","q0zqoA8G","英图Ⅲ期","ufPXJ9G7","2024-07-14 00:00:00","2024-07-14 02:40:00","发电机驱动端轴承温度异常"
"英图风电场","xoyzYv2u","#139","q0zqoA8G","英图Ⅲ期","ufPXJ9G7","2024-07-13 17:00:00","2024-07-13 23:50:00","发电机驱动端轴承温度异常"
"英图风电场","xoyzYv2u","#139","q0zqoA8G","英图Ⅲ期","ufPXJ9G7","2024-07-12 00:00:00","2024-07-12 17:30:00","发电机驱动端轴承温度异常"
"英图风电场","xoyzYv2u","#139","q0zqoA8G","英图Ⅲ期","ufPXJ9G7","2024-07-11 17:40:00","2024-07-11 23:50:00","发电机驱动端轴承温度异常"
"英图风电场","xoyzYv2u","#139","q0zqoA8G","英图Ⅲ期","ufPXJ9G7","2024-07-09 20:20:00","2024-07-09 20:50:00","发电机驱动端轴承温度异常"
"英图风电场","xoyzYv2u","#139","q0zqoA8G","英图Ⅲ期","ufPXJ9G7","2024-07-08 11:50:00","2024-07-08 14:40:00","发电机驱动端轴承温度异常"
"英图风电场","xoyzYv2u","#139","q0zqoA8G","英图Ⅲ期","ufPXJ9G7","2024-07-02 04:00:00","2024-07-02 06:10:00","发电机驱动端轴承温度异常"
"英图风电场","xoyzYv2u","#139","q0zqoA8G","英图Ⅲ期","ufPXJ9G7","2024-06-27 22:10:00","2024-06-27 23:50:00","发电机驱动端轴承温度异常"
"英图风电场","xoyzYv2u","#139","q0zqoA8G","英图Ⅲ期","ufPXJ9G7","2024-06-26 16:00:00","2024-06-26 22:30:00","发电机驱动端轴承温度异常"
"英图风电场","xoyzYv2u","#139","q0zqoA8G","英图Ⅲ期","ufPXJ9G7","2024-06-19 19:30:00","2024-06-19 23:00:00","发电机驱动端轴承温度异常"
"英图风电场","xoyzYv2u","#139","q0zqoA8G","英图Ⅲ期","ufPXJ9G7","2024-06-18 17:30:00","2024-06-18 20:00:00","发电机驱动端轴承温度异常"
"英图风电场","xoyzYv2u","#139","q0zqoA8G","英图Ⅲ期","ufPXJ9G7","2024-06-14 14:10:00","2024-06-14 19:10:00","发电机驱动端轴承温度异常"
"魁通沟风电场","1a650d6562800000","#019","1a67a951f6800000","魁通沟Ⅰ期","1a650d6564800000","2024-08-30 04:40:00","2024-08-30 05:40:00","发电机非驱动端轴承温升异常"
"魁通沟风电场","1a650d6562800000","#074","1a67a95255000000","魁通沟Ⅰ期","1a650d6564800000","2024-04-25 17:10:00","2024-04-25 18:40:00","发电机驱动端轴承温升异常"
"魁通沟风电场","1a650d6562800000","#074","1a67a95255000000","魁通沟Ⅰ期","1a650d6564800000","2024-05-18 18:30:00","2024-05-18 19:50:00","发电机非驱动端轴承温度异常"
"魁通沟风电场","1a650d6562800000","#074","1a67a95255000000","魁通沟Ⅰ期","1a650d6564800000","2024-04-25 17:00:00","2024-04-25 19:00:00","发电机非驱动端轴承温度异常"
"魁通沟风电场","1a650d6562800000","#074","1a67a95255000000","魁通沟Ⅰ期","1a650d6564800000","2024-05-18 17:40:00","2024-05-18 19:50:00","发电机非驱动端轴承温升异常"
"魁通沟风电场","1a650d6562800000","#074","1a67a95255000000","魁通沟Ⅰ期","1a650d6564800000","2024-04-24 17:40:00","2024-04-24 19:10:00","发电机非驱动端轴承温升异常"
"望海风电场","HwQOuWzt","A03","zLYEioUq","望海风电场","3Vymz9CG","2024-08-27 11:20:00","2024-08-27 21:10:00","发电机非驱动端轴承温度异常"
"望海风电场","HwQOuWzt","A03","zLYEioUq","望海风电场","3Vymz9CG","2024-07-06 00:40:00","2024-07-06 03:10:00","发电机非驱动端轴承温度异常"
"望海风电场","HwQOuWzt","A03","zLYEioUq","望海风电场","3Vymz9CG","2024-07-04 10:50:00","2024-07-04 13:00:00","发电机非驱动端轴承温度异常"
"望海风电场","HwQOuWzt","A03","zLYEioUq","望海风电场","3Vymz9CG","2024-07-02 05:50:00","2024-07-02 15:40:00","发电机非驱动端轴承温度异常"
"望海风电场","HwQOuWzt","A03","zLYEioUq","望海风电场","3Vymz9CG","2024-05-15 04:30:00","2024-05-15 06:10:00","发电机非驱动端轴承温度异常"
"望海风电场","HwQOuWzt","A03","zLYEioUq","望海风电场","3Vymz9CG","2024-03-28 20:20:00","2024-03-28 23:10:00","发电机非驱动端轴承温升异常"
"望海风电场","HwQOuWzt","A03","zLYEioUq","望海风电场","3Vymz9CG","2024-03-23 13:40:00","2024-03-23 15:00:00","发电机非驱动端轴承温升异常"
"魁通沟风电场","1a650d6562800000","#005","1a67a951e0002000","魁通沟Ⅰ期","1a650d6564800000","2024-04-25 15:50:00","2024-04-25 18:50:00","发电机非驱动端轴承温度异常"
"魁通沟风电场","1a650d6562800000","#005","1a67a951e0002000","魁通沟Ⅰ期","1a650d6564800000","2024-07-22 01:20:00","2024-07-22 02:40:00","发电机非驱动端轴承温度异常"
"魁通沟风电场","1a650d6562800000","#049","1a67a9522a802000","魁通沟Ⅰ期","1a650d6564800000","2024-06-11 05:40:00","2024-06-11 07:30:00","发电机驱动端轴承温度异常"
"魁通沟风电场","1a650d6562800000","#049","1a67a9522a802000","魁通沟Ⅰ期","1a650d6564800000","2024-06-11 05:20:00","2024-06-11 07:40:00","发电机驱动端轴承温升异常"
"魁通沟风电场","1a650d6562800000","#065","1a67a95246002000","魁通沟Ⅰ期","1a650d6564800000","2024-05-22 09:10:00","2024-05-22 10:10:00","发电机非驱动端轴承温升异常"
"魁通沟风电场","1a650d6562800000","#065","1a67a95246002000","魁通沟Ⅰ期","1a650d6564800000","2024-05-30 13:40:00","2024-05-30 14:20:00","发电机非驱动端轴承温度异常"
"魁通沟风电场","1a650d6562800000","#065","1a67a95246002000","魁通沟Ⅰ期","1a650d6564800000","2024-06-10 07:50:00","2024-06-10 09:00:00","发电机非驱动端轴承温升异常"
"魁通沟风电场","1a650d6562800000","#010","1a67a951e8002000","魁通沟Ⅰ期","1a650d6564800000","2024-07-22 03:20:00","2024-07-22 04:00:00","发电机非驱动端轴承温度异常"
"魁通沟风电场","1a650d6562800000","#026","1a67a95202000000","魁通沟Ⅰ期","1a650d6564800000","2024-05-13 21:10:00","2024-05-13 23:30:00","发电机非驱动端轴承温升异常"
"魁通沟风电场","1a650d6562800000","#026","1a67a95202000000","魁通沟Ⅰ期","1a650d6564800000","2024-05-23 03:40:00","2024-05-23 05:00:00","发电机非驱动端轴承温度异常"
"魁通沟风电场","1a650d6562800000","#026","1a67a95202000000","魁通沟Ⅰ期","1a650d6564800000","2024-05-13 22:10:00","2024-05-13 23:00:00","发电机非驱动端轴承温度异常"
"魁通沟风电场","1a650d6562800000","#026","1a67a95202000000","魁通沟Ⅰ期","1a650d6564800000","2024-04-25 16:50:00","2024-04-25 18:00:00","发电机非驱动端轴承温度异常"
"魁通沟风电场","1a650d6562800000","#026","1a67a95202000000","魁通沟Ⅰ期","1a650d6564800000","2024-05-18 01:40:00","2024-05-18 03:00:00","发电机非驱动端轴承温升异常"
"望海风电场","HwQOuWzt","A15","4iw9wj1G","望海风电场","3Vymz9CG","2024-07-05 22:00:00","2024-07-05 22:50:00","发电机非驱动端轴承温度异常"
"望海风电场","HwQOuWzt","A15","4iw9wj1G","望海风电场","3Vymz9CG","2024-07-06 00:40:00","2024-07-06 02:00:00","发电机非驱动端轴承温度异常"
"昆头岭风电场","b7a5qrac","#88","LUxEU3EJ","昆头岭Ⅲ期","VNyTeDEw","2024-07-23 13:00:00","2024-07-23 14:50:00","发电机驱动端轴承温升异常"
"昆头岭风电场","b7a5qrac","#77","RCIO2NvE","昆头岭Ⅲ期","VNyTeDEw","2024-01-21 01:40:00","2024-01-21 15:10:00","发电机驱动端轴承温升异常"
"魁通沟风电场","1a650d6562800000","#034","1a67a95210000000","魁通沟Ⅰ期","1a650d6564800000","2024-08-09 16:30:00","2024-08-09 20:20:00","发电机非驱动端轴承温度异常"
"魁通沟风电场","1a650d6562800000","#034","1a67a95210000000","魁通沟Ⅰ期","1a650d6564800000","2024-07-16 13:30:00","2024-07-16 14:10:00","发电机非驱动端轴承温度异常"
"魁通沟风电场","1a650d6562800000","#034","1a67a95210000000","魁通沟Ⅰ期","1a650d6564800000","2024-06-11 05:00:00","2024-06-11 07:00:00","发电机非驱动端轴承温度异常"
"魁通沟风电场","1a650d6562800000","#034","1a67a95210000000","魁通沟Ⅰ期","1a650d6564800000","2024-05-30 08:30:00","2024-05-30 20:00:00","发电机非驱动端轴承温度异常"
"魁通沟风电场","1a650d6562800000","#034","1a67a95210000000","魁通沟Ⅰ期","1a650d6564800000","2024-05-26 14:30:00","2024-05-26 22:00:00","发电机非驱动端轴承温度异常"
"魁通沟风电场","1a650d6562800000","#034","1a67a95210000000","魁通沟Ⅰ期","1a650d6564800000","2024-05-23 03:50:00","2024-05-23 05:20:00","发电机非驱动端轴承温度异常"
"魁通沟风电场","1a650d6562800000","#034","1a67a95210000000","魁通沟Ⅰ期","1a650d6564800000","2024-05-14 00:00:00","2024-05-14 01:10:00","发电机非驱动端轴承温度异常"
"魁通沟风电场","1a650d6562800000","#034","1a67a95210000000","魁通沟Ⅰ期","1a650d6564800000","2024-05-13 22:00:00","2024-05-13 23:50:00","发电机非驱动端轴承温度异常"
"魁通沟风电场","1a650d6562800000","#034","1a67a95210000000","魁通沟Ⅰ期","1a650d6564800000","2024-05-10 12:50:00","2024-05-10 18:10:00","发电机非驱动端轴承温度异常"
"魁通沟风电场","1a650d6562800000","#034","1a67a95210000000","魁通沟Ⅰ期","1a650d6564800000","2024-04-25 13:00:00","2024-04-25 16:00:00","发电机非驱动端轴承温度异常"
"魁通沟风电场","1a650d6562800000","#034","1a67a95210000000","魁通沟Ⅰ期","1a650d6564800000","2024-04-14 00:00:00","2024-04-14 02:40:00","发电机非驱动端轴承温度异常"
"魁通沟风电场","1a650d6562800000","#034","1a67a95210000000","魁通沟Ⅰ期","1a650d6564800000","2024-04-13 21:20:00","2024-04-13 23:50:00","发电机非驱动端轴承温度异常"
"魁通沟风电场","1a650d6562800000","#034","1a67a95210000000","魁通沟Ⅰ期","1a650d6564800000","2024-08-30 03:30:00","2024-08-30 05:40:00","发电机非驱动端轴承温升异常"
"魁通沟风电场","1a650d6562800000","#034","1a67a95210000000","魁通沟Ⅰ期","1a650d6564800000","2024-08-11 19:30:00","2024-08-11 22:40:00","发电机非驱动端轴承温升异常"
"魁通沟风电场","1a650d6562800000","#034","1a67a95210000000","魁通沟Ⅰ期","1a650d6564800000","2024-08-09 14:20:00","2024-08-09 21:10:00","发电机非驱动端轴承温升异常"
"魁通沟风电场","1a650d6562800000","#034","1a67a95210000000","魁通沟Ⅰ期","1a650d6564800000","2024-07-16 12:20:00","2024-07-16 15:00:00","发电机非驱动端轴承温升异常"
"魁通沟风电场","1a650d6562800000","#034","1a67a95210000000","魁通沟Ⅰ期","1a650d6564800000","2024-06-14 12:10:00","2024-06-14 15:40:00","发电机非驱动端轴承温升异常"
"魁通沟风电场","1a650d6562800000","#034","1a67a95210000000","魁通沟Ⅰ期","1a650d6564800000","2024-06-11 04:20:00","2024-06-11 06:10:00","发电机非驱动端轴承温升异常"
"魁通沟风电场","1a650d6562800000","#034","1a67a95210000000","魁通沟Ⅰ期","1a650d6564800000","2024-06-10 07:30:00","2024-06-10 09:10:00","发电机非驱动端轴承温升异常"
"魁通沟风电场","1a650d6562800000","#034","1a67a95210000000","魁通沟Ⅰ期","1a650d6564800000","2024-06-01 12:10:00","2024-06-01 15:50:00","发电机非驱动端轴承温升异常"
"魁通沟风电场","1a650d6562800000","#034","1a67a95210000000","魁通沟Ⅰ期","1a650d6564800000","2024-05-31 06:40:00","2024-05-31 18:40:00","发电机非驱动端轴承温升异常"
"魁通沟风电场","1a650d6562800000","#034","1a67a95210000000","魁通沟Ⅰ期","1a650d6564800000","2024-05-30 06:10:00","2024-05-30 20:00:00","发电机非驱动端轴承温升异常"
"魁通沟风电场","1a650d6562800000","#034","1a67a95210000000","魁通沟Ⅰ期","1a650d6564800000","2024-05-26 00:50:00","2024-05-26 22:30:00","发电机非驱动端轴承温升异常"
"魁通沟风电场","1a650d6562800000","#034","1a67a95210000000","魁通沟Ⅰ期","1a650d6564800000","2024-05-14 00:00:00","2024-05-14 02:00:00","发电机非驱动端轴承温升异常"
"魁通沟风电场","1a650d6562800000","#034","1a67a95210000000","魁通沟Ⅰ期","1a650d6564800000","2024-05-13 21:00:00","2024-05-13 23:50:00","发电机非驱动端轴承温升异常"
"魁通沟风电场","1a650d6562800000","#034","1a67a95210000000","魁通沟Ⅰ期","1a650d6564800000","2024-05-11 00:20:00","2024-05-11 20:00:00","发电机非驱动端轴承温升异常"
"魁通沟风电场","1a650d6562800000","#034","1a67a95210000000","魁通沟Ⅰ期","1a650d6564800000","2024-05-10 12:50:00","2024-05-10 21:10:00","发电机非驱动端轴承温升异常"
"魁通沟风电场","1a650d6562800000","#034","1a67a95210000000","魁通沟Ⅰ期","1a650d6564800000","2024-04-17 17:40:00","2024-04-17 18:40:00","发电机非驱动端轴承温升异常"
"魁通沟风电场","1a650d6562800000","#034","1a67a95210000000","魁通沟Ⅰ期","1a650d6564800000","2024-04-15 19:20:00","2024-04-15 23:20:00","发电机非驱动端轴承温升异常"
"魁通沟风电场","1a650d6562800000","#034","1a67a95210000000","魁通沟Ⅰ期","1a650d6564800000","2024-04-14 00:00:00","2024-04-14 03:30:00","发电机非驱动端轴承温升异常"
"魁通沟风电场","1a650d6562800000","#034","1a67a95210000000","魁通沟Ⅰ期","1a650d6564800000","2024-04-13 21:20:00","2024-04-13 23:50:00","发电机非驱动端轴承温升异常"
"魁通沟风电场","1a650d6562800000","#034","1a67a95210000000","魁通沟Ⅰ期","1a650d6564800000","2024-04-12 13:10:00","2024-04-12 14:30:00","发电机非驱动端轴承温升异常"
"魁通沟风电场","1a650d6562800000","#034","1a67a95210000000","魁通沟Ⅰ期","1a650d6564800000","2024-04-06 16:10:00","2024-04-06 19:10:00","发电机非驱动端轴承温升异常"
"魁通沟风电场","1a650d6562800000","#034","1a67a95210000000","魁通沟Ⅰ期","1a650d6564800000","2024-04-01 17:30:00","2024-04-01 20:10:00","发电机非驱动端轴承温升异常"
"魁通沟风电场","1a650d6562800000","#034","1a67a95210000000","魁通沟Ⅰ期","1a650d6564800000","2024-03-15 00:00:00","2024-03-15 21:10:00","发电机非驱动端轴承温升异常"
"魁通沟风电场","1a650d6562800000","#034","1a67a95210000000","魁通沟Ⅰ期","1a650d6564800000","2024-03-14 16:50:00","2024-03-14 23:50:00","发电机非驱动端轴承温升异常"
"望海风电场","HwQOuWzt","A06","KDWDGudm","望海风电场","3Vymz9CG","2024-07-06 00:00:00","2024-07-06 01:20:00","发电机非驱动端轴承温度异常"
"望海风电场","HwQOuWzt","A06","KDWDGudm","望海风电场","3Vymz9CG","2024-07-05 21:50:00","2024-07-05 23:50:00","发电机非驱动端轴承温度异常"
"望海风电场","HwQOuWzt","A06","KDWDGudm","望海风电场","3Vymz9CG","2024-06-23 15:30:00","2024-06-23 15:50:00","发电机非驱动端轴承温度异常"
"魁通沟风电场","1a650d6562800000","#045","1a67a95224000000","魁通沟Ⅰ期","1a650d6564800000","2024-05-14 00:00:00","2024-05-14 01:00:00","发电机非驱动端轴承温升异常"
"魁通沟风电场","1a650d6562800000","#045","1a67a95224000000","魁通沟Ⅰ期","1a650d6564800000","2024-05-23 03:30:00","2024-05-23 05:00:00","发电机非驱动端轴承温度异常"
"魁通沟风电场","1a650d6562800000","#045","1a67a95224000000","魁通沟Ⅰ期","1a650d6564800000","2024-05-14 00:00:00","2024-05-14 00:40:00","发电机非驱动端轴承温度异常"
"魁通沟风电场","1a650d6562800000","#045","1a67a95224000000","魁通沟Ⅰ期","1a650d6564800000","2024-04-25 16:10:00","2024-04-25 18:50:00","发电机非驱动端轴承温度异常"
"魁通沟风电场","1a650d6562800000","#045","1a67a95224000000","魁通沟Ⅰ期","1a650d6564800000","2024-07-27 00:00:00","2024-07-27 00:50:00","发电机非驱动端轴承温升异常"
"魁通沟风电场","1a650d6562800000","#045","1a67a95224000000","魁通沟Ⅰ期","1a650d6564800000","2024-06-27 19:10:00","2024-06-27 20:00:00","发电机非驱动端轴承温升异常"
"魁通沟风电场","1a650d6562800000","#045","1a67a95224000000","魁通沟Ⅰ期","1a650d6564800000","2024-06-10 04:20:00","2024-06-10 10:50:00","发电机非驱动端轴承温升异常"
"魁通沟风电场","1a650d6562800000","#045","1a67a95224000000","魁通沟Ⅰ期","1a650d6564800000","2024-05-22 08:40:00","2024-05-22 09:50:00","发电机非驱动端轴承温升异常"
"魁通沟风电场","1a650d6562800000","#045","1a67a95224000000","魁通沟Ⅰ期","1a650d6564800000","2024-05-21 00:00:00","2024-05-21 22:00:00","发电机非驱动端轴承温升异常"
"望海风电场","HwQOuWzt","A04","1YA4YkcF","望海风电场","3Vymz9CG","2024-07-05 23:00:00","2024-07-05 23:50:00","发电机非驱动端轴承温度异常"
"望海风电场","HwQOuWzt","A04","1YA4YkcF","望海风电场","3Vymz9CG","2024-07-16 15:10:00","2024-07-16 16:00:00","发电机非驱动端轴承温度异常"
"望海风电场","HwQOuWzt","A04","1YA4YkcF","望海风电场","3Vymz9CG","2024-07-06 00:00:00","2024-07-06 03:20:00","发电机非驱动端轴承温度异常"
"望海风电场","HwQOuWzt","A12","Sk8z2nMf","望海风电场","3Vymz9CG","2024-02-15 00:00:00","2024-02-15 01:40:00","发电机非驱动端轴承温度异常"
"望海风电场","HwQOuWzt","A12","Sk8z2nMf","望海风电场","3Vymz9CG","2024-02-14 23:10:00","2024-02-14 23:50:00","发电机非驱动端轴承温度异常"
"望海风电场","HwQOuWzt","A12","Sk8z2nMf","望海风电场","3Vymz9CG","2024-02-13 01:20:00","2024-02-13 04:10:00","发电机非驱动端轴承温度异常"
"望海风电场","HwQOuWzt","A12","Sk8z2nMf","望海风电场","3Vymz9CG","2024-08-09 20:30:00","2024-08-09 22:30:00","发电机非驱动端轴承温升异常"
"望海风电场","HwQOuWzt","A12","Sk8z2nMf","望海风电场","3Vymz9CG","2024-02-19 05:00:00","2024-02-19 16:40:00","发电机非驱动端轴承温升异常"
"望海风电场","HwQOuWzt","A12","Sk8z2nMf","望海风电场","3Vymz9CG","2024-02-17 00:10:00","2024-02-17 23:50:00","发电机非驱动端轴承温升异常"
"望海风电场","HwQOuWzt","A12","Sk8z2nMf","望海风电场","3Vymz9CG","2024-02-15 00:00:00","2024-02-15 03:50:00","发电机非驱动端轴承温升异常"
"望海风电场","HwQOuWzt","A12","Sk8z2nMf","望海风电场","3Vymz9CG","2024-02-14 21:00:00","2024-02-14 23:50:00","发电机非驱动端轴承温升异常"
"望海风电场","HwQOuWzt","A12","Sk8z2nMf","望海风电场","3Vymz9CG","2024-02-13 00:30:00","2024-02-13 04:30:00","发电机非驱动端轴承温升异常"
"望海风电场","HwQOuWzt","A17","RfliDEDI","望海风电场","3Vymz9CG","2024-08-27 12:20:00","2024-08-27 18:10:00","发电机非驱动端轴承温度异常"
"望海风电场","HwQOuWzt","A17","RfliDEDI","望海风电场","3Vymz9CG","2024-08-26 21:30:00","2024-08-26 22:50:00","发电机非驱动端轴承温度异常"
"望海风电场","HwQOuWzt","A17","RfliDEDI","望海风电场","3Vymz9CG","2024-07-27 06:20:00","2024-07-27 14:50:00","发电机非驱动端轴承温度异常"
"望海风电场","HwQOuWzt","A17","RfliDEDI","望海风电场","3Vymz9CG","2024-09-02 01:50:00","2024-09-02 18:20:00","发电机非驱动端轴承温升异常"
"望海风电场","HwQOuWzt","A17","RfliDEDI","望海风电场","3Vymz9CG","2024-08-26 16:40:00","2024-08-26 22:40:00","发电机非驱动端轴承温升异常"
"望海风电场","HwQOuWzt","A17","RfliDEDI","望海风电场","3Vymz9CG","2024-07-23 06:40:00","2024-07-23 07:40:00","发电机非驱动端轴承温升异常"
"昆头岭风电场","b7a5qrac","#79","c96wRoPU","昆头岭Ⅲ期","VNyTeDEw","2024-06-15 00:00:00","2024-06-15 11:00:00","发电机非驱动端轴承温度异常"
"昆头岭风电场","b7a5qrac","#79","c96wRoPU","昆头岭Ⅲ期","VNyTeDEw","2024-06-14 00:30:00","2024-06-14 23:50:00","发电机非驱动端轴承温度异常"
"昆头岭风电场","b7a5qrac","#79","c96wRoPU","昆头岭Ⅲ期","VNyTeDEw","2024-06-13 00:00:00","2024-06-13 20:50:00","发电机非驱动端轴承温度异常"
"昆头岭风电场","b7a5qrac","#79","c96wRoPU","昆头岭Ⅲ期","VNyTeDEw","2024-06-12 00:00:00","2024-06-12 23:50:00","发电机非驱动端轴承温度异常"
"昆头岭风电场","b7a5qrac","#79","c96wRoPU","昆头岭Ⅲ期","VNyTeDEw","2024-06-11 00:00:00","2024-06-11 23:50:00","发电机非驱动端轴承温度异常"
"昆头岭风电场","b7a5qrac","#79","c96wRoPU","昆头岭Ⅲ期","VNyTeDEw","2024-06-10 00:00:00","2024-06-10 23:50:00","发电机非驱动端轴承温度异常"
"昆头岭风电场","b7a5qrac","#79","c96wRoPU","昆头岭Ⅲ期","VNyTeDEw","2024-06-09 21:10:00","2024-06-09 23:50:00","发电机非驱动端轴承温度异常"
"昆头岭风电场","b7a5qrac","#79","c96wRoPU","昆头岭Ⅲ期","VNyTeDEw","2024-05-25 00:10:00","2024-05-25 18:00:00","发电机非驱动端轴承温度异常"
"昆头岭风电场","b7a5qrac","#79","c96wRoPU","昆头岭Ⅲ期","VNyTeDEw","2024-05-24 00:00:00","2024-05-24 23:40:00","发电机非驱动端轴承温度异常"
"昆头岭风电场","b7a5qrac","#79","c96wRoPU","昆头岭Ⅲ期","VNyTeDEw","2024-05-23 00:00:00","2024-05-23 23:50:00","发电机非驱动端轴承温度异常"
"昆头岭风电场","b7a5qrac","#79","c96wRoPU","昆头岭Ⅲ期","VNyTeDEw","2024-05-22 00:00:00","2024-05-22 23:50:00","发电机非驱动端轴承温度异常"
"昆头岭风电场","b7a5qrac","#79","c96wRoPU","昆头岭Ⅲ期","VNyTeDEw","2024-05-21 00:10:00","2024-05-21 23:50:00","发电机非驱动端轴承温度异常"
"昆头岭风电场","b7a5qrac","#79","c96wRoPU","昆头岭Ⅲ期","VNyTeDEw","2024-05-20 17:30:00","2024-05-20 23:10:00","发电机非驱动端轴承温度异常"
"昆头岭风电场","b7a5qrac","#79","c96wRoPU","昆头岭Ⅲ期","VNyTeDEw","2024-05-19 00:00:00","2024-05-19 21:10:00","发电机非驱动端轴承温度异常"
"昆头岭风电场","b7a5qrac","#79","c96wRoPU","昆头岭Ⅲ期","VNyTeDEw","2024-05-18 00:00:00","2024-05-18 23:50:00","发电机非驱动端轴承温度异常"
"昆头岭风电场","b7a5qrac","#79","c96wRoPU","昆头岭Ⅲ期","VNyTeDEw","2024-05-17 00:00:00","2024-05-17 23:50:00","发电机非驱动端轴承温度异常"
"昆头岭风电场","b7a5qrac","#79","c96wRoPU","昆头岭Ⅲ期","VNyTeDEw","2024-05-16 06:10:00","2024-05-16 23:50:00","发电机非驱动端轴承温度异常"
"昆头岭风电场","b7a5qrac","#79","c96wRoPU","昆头岭Ⅲ期","VNyTeDEw","2024-05-14 00:00:00","2024-05-14 16:00:00","发电机非驱动端轴承温度异常"
"昆头岭风电场","b7a5qrac","#79","c96wRoPU","昆头岭Ⅲ期","VNyTeDEw","2024-05-13 00:00:00","2024-05-13 23:50:00","发电机非驱动端轴承温度异常"
"昆头岭风电场","b7a5qrac","#79","c96wRoPU","昆头岭Ⅲ期","VNyTeDEw","2024-05-12 00:00:00","2024-05-12 23:50:00","发电机非驱动端轴承温度异常"
"昆头岭风电场","b7a5qrac","#79","c96wRoPU","昆头岭Ⅲ期","VNyTeDEw","2024-05-11 20:20:00","2024-05-11 23:40:00","发电机非驱动端轴承温度异常"
"昆头岭风电场","b7a5qrac","#79","c96wRoPU","昆头岭Ⅲ期","VNyTeDEw","2024-05-10 00:00:00","2024-05-10 15:10:00","发电机非驱动端轴承温度异常"
"昆头岭风电场","b7a5qrac","#79","c96wRoPU","昆头岭Ⅲ期","VNyTeDEw","2024-05-09 05:30:00","2024-05-09 23:50:00","发电机非驱动端轴承温度异常"
"昆头岭风电场","b7a5qrac","#79","c96wRoPU","昆头岭Ⅲ期","VNyTeDEw","2024-05-08 02:20:00","2024-05-08 22:40:00","发电机非驱动端轴承温度异常"
"昆头岭风电场","b7a5qrac","#79","c96wRoPU","昆头岭Ⅲ期","VNyTeDEw","2024-05-06 05:00:00","2024-05-06 23:20:00","发电机非驱动端轴承温度异常"
"昆头岭风电场","b7a5qrac","#79","c96wRoPU","昆头岭Ⅲ期","VNyTeDEw","2024-05-02 00:00:00","2024-05-02 08:10:00","发电机非驱动端轴承温度异常"
"昆头岭风电场","b7a5qrac","#79","c96wRoPU","昆头岭Ⅲ期","VNyTeDEw","2024-05-01 00:00:00","2024-05-01 23:50:00","发电机非驱动端轴承温度异常"
"昆头岭风电场","b7a5qrac","#79","c96wRoPU","昆头岭Ⅲ期","VNyTeDEw","2024-04-30 00:20:00","2024-04-30 23:50:00","发电机非驱动端轴承温度异常"
"昆头岭风电场","b7a5qrac","#79","c96wRoPU","昆头岭Ⅲ期","VNyTeDEw","2024-04-29 21:40:00","2024-04-29 23:50:00","发电机非驱动端轴承温度异常"
"昆头岭风电场","b7a5qrac","#79","c96wRoPU","昆头岭Ⅲ期","VNyTeDEw","2024-04-28 10:00:00","2024-04-28 10:30:00","发电机非驱动端轴承温度异常"
"昆头岭风电场","b7a5qrac","#79","c96wRoPU","昆头岭Ⅲ期","VNyTeDEw","2024-04-27 00:00:00","2024-04-27 00:20:00","发电机非驱动端轴承温度异常"
"昆头岭风电场","b7a5qrac","#79","c96wRoPU","昆头岭Ⅲ期","VNyTeDEw","2024-04-26 07:30:00","2024-04-26 23:30:00","发电机非驱动端轴承温度异常"
"昆头岭风电场","b7a5qrac","#79","c96wRoPU","昆头岭Ⅲ期","VNyTeDEw","2024-04-25 02:00:00","2024-04-25 19:20:00","发电机非驱动端轴承温度异常"
"昆头岭风电场","b7a5qrac","#79","c96wRoPU","昆头岭Ⅲ期","VNyTeDEw","2024-04-24 01:30:00","2024-04-24 23:50:00","发电机非驱动端轴承温度异常"
"昆头岭风电场","b7a5qrac","#79","c96wRoPU","昆头岭Ⅲ期","VNyTeDEw","2024-04-23 16:50:00","2024-04-23 18:50:00","发电机非驱动端轴承温度异常"
"昆头岭风电场","b7a5qrac","#79","c96wRoPU","昆头岭Ⅲ期","VNyTeDEw","2024-04-22 14:30:00","2024-04-22 16:20:00","发电机非驱动端轴承温度异常"
"昆头岭风电场","b7a5qrac","#79","c96wRoPU","昆头岭Ⅲ期","VNyTeDEw","2024-04-21 00:40:00","2024-04-21 22:20:00","发电机非驱动端轴承温度异常"
"昆头岭风电场","b7a5qrac","#79","c96wRoPU","昆头岭Ⅲ期","VNyTeDEw","2024-04-20 00:00:00","2024-04-20 00:30:00","发电机非驱动端轴承温度异常"
"昆头岭风电场","b7a5qrac","#79","c96wRoPU","昆头岭Ⅲ期","VNyTeDEw","2024-04-19 15:10:00","2024-04-19 23:30:00","发电机非驱动端轴承温度异常"
"昆头岭风电场","b7a5qrac","#79","c96wRoPU","昆头岭Ⅲ期","VNyTeDEw","2024-03-22 10:50:00","2024-03-22 19:40:00","发电机非驱动端轴承温度异常"
"昆头岭风电场","b7a5qrac","#79","c96wRoPU","昆头岭Ⅲ期","VNyTeDEw","2024-03-21 13:00:00","2024-03-21 19:30:00","发电机非驱动端轴承温度异常"
"昆头岭风电场","b7a5qrac","#79","c96wRoPU","昆头岭Ⅲ期","VNyTeDEw","2024-03-15 17:00:00","2024-03-15 22:10:00","发电机非驱动端轴承温度异常"
"昆头岭风电场","b7a5qrac","#79","c96wRoPU","昆头岭Ⅲ期","VNyTeDEw","2024-03-14 12:30:00","2024-03-14 15:40:00","发电机非驱动端轴承温度异常"
"昆头岭风电场","b7a5qrac","#79","c96wRoPU","昆头岭Ⅲ期","VNyTeDEw","2024-03-10 18:20:00","2024-03-10 21:00:00","发电机非驱动端轴承温度异常"
"昆头岭风电场","b7a5qrac","#79","c96wRoPU","昆头岭Ⅲ期","VNyTeDEw","2024-02-17 04:30:00","2024-02-17 15:40:00","发电机非驱动端轴承温度异常"
"昆头岭风电场","b7a5qrac","#79","c96wRoPU","昆头岭Ⅲ期","VNyTeDEw","2024-08-11 00:00:00","2024-08-11 20:20:00","发电机非驱动端轴承温升异常"
"昆头岭风电场","b7a5qrac","#79","c96wRoPU","昆头岭Ⅲ期","VNyTeDEw","2024-08-10 11:30:00","2024-08-10 23:30:00","发电机非驱动端轴承温升异常"
"昆头岭风电场","b7a5qrac","#79","c96wRoPU","昆头岭Ⅲ期","VNyTeDEw","2024-08-09 05:00:00","2024-08-09 21:10:00","发电机非驱动端轴承温升异常"
"昆头岭风电场","b7a5qrac","#79","c96wRoPU","昆头岭Ⅲ期","VNyTeDEw","2024-08-08 17:00:00","2024-08-08 18:10:00","发电机非驱动端轴承温升异常"
"昆头岭风电场","b7a5qrac","#79","c96wRoPU","昆头岭Ⅲ期","VNyTeDEw","2024-08-07 19:50:00","2024-08-07 21:50:00","发电机非驱动端轴承温升异常"
"昆头岭风电场","b7a5qrac","#79","c96wRoPU","昆头岭Ⅲ期","VNyTeDEw","2024-08-06 20:10:00","2024-08-06 22:30:00","发电机非驱动端轴承温升异常"
"昆头岭风电场","b7a5qrac","#79","c96wRoPU","昆头岭Ⅲ期","VNyTeDEw","2024-08-04 01:10:00","2024-08-04 18:30:00","发电机非驱动端轴承温升异常"
"昆头岭风电场","b7a5qrac","#79","c96wRoPU","昆头岭Ⅲ期","VNyTeDEw","2024-08-03 19:30:00","2024-08-03 23:30:00","发电机非驱动端轴承温升异常"
"昆头岭风电场","b7a5qrac","#79","c96wRoPU","昆头岭Ⅲ期","VNyTeDEw","2024-08-02 16:30:00","2024-08-02 21:20:00","发电机非驱动端轴承温升异常"
"昆头岭风电场","b7a5qrac","#79","c96wRoPU","昆头岭Ⅲ期","VNyTeDEw","2024-07-31 02:50:00","2024-07-31 18:10:00","发电机非驱动端轴承温升异常"
"昆头岭风电场","b7a5qrac","#79","c96wRoPU","昆头岭Ⅲ期","VNyTeDEw","2024-07-30 11:40:00","2024-07-30 22:00:00","发电机非驱动端轴承温升异常"
"昆头岭风电场","b7a5qrac","#79","c96wRoPU","昆头岭Ⅲ期","VNyTeDEw","2024-07-28 09:50:00","2024-07-28 23:40:00","发电机非驱动端轴承温升异常"
"昆头岭风电场","b7a5qrac","#79","c96wRoPU","昆头岭Ⅲ期","VNyTeDEw","2024-07-27 16:40:00","2024-07-27 23:00:00","发电机非驱动端轴承温升异常"
"昆头岭风电场","b7a5qrac","#79","c96wRoPU","昆头岭Ⅲ期","VNyTeDEw","2024-07-26 14:50:00","2024-07-26 21:30:00","发电机非驱动端轴承温升异常"
"昆头岭风电场","b7a5qrac","#79","c96wRoPU","昆头岭Ⅲ期","VNyTeDEw","2024-07-24 17:00:00","2024-07-24 23:30:00","发电机非驱动端轴承温升异常"
"昆头岭风电场","b7a5qrac","#79","c96wRoPU","昆头岭Ⅲ期","VNyTeDEw","2024-07-23 02:00:00","2024-07-23 21:20:00","发电机非驱动端轴承温升异常"
"昆头岭风电场","b7a5qrac","#79","c96wRoPU","昆头岭Ⅲ期","VNyTeDEw","2024-07-22 00:00:00","2024-07-22 23:50:00","发电机非驱动端轴承温升异常"
"昆头岭风电场","b7a5qrac","#79","c96wRoPU","昆头岭Ⅲ期","VNyTeDEw","2024-07-21 00:00:00","2024-07-21 23:50:00","发电机非驱动端轴承温升异常"
"昆头岭风电场","b7a5qrac","#79","c96wRoPU","昆头岭Ⅲ期","VNyTeDEw","2024-07-20 00:00:00","2024-07-20 23:50:00","发电机非驱动端轴承温升异常"
"昆头岭风电场","b7a5qrac","#79","c96wRoPU","昆头岭Ⅲ期","VNyTeDEw","2024-07-19 00:00:00","2024-07-19 23:50:00","发电机非驱动端轴承温升异常"
"昆头岭风电场","b7a5qrac","#79","c96wRoPU","昆头岭Ⅲ期","VNyTeDEw","2024-07-18 00:00:00","2024-07-18 23:50:00","发电机非驱动端轴承温升异常"
"昆头岭风电场","b7a5qrac","#79","c96wRoPU","昆头岭Ⅲ期","VNyTeDEw","2024-07-17 01:00:00","2024-07-17 23:50:00","发电机非驱动端轴承温升异常"
"昆头岭风电场","b7a5qrac","#79","c96wRoPU","昆头岭Ⅲ期","VNyTeDEw","2024-07-16 00:20:00","2024-07-16 23:30:00","发电机非驱动端轴承温升异常"
"昆头岭风电场","b7a5qrac","#79","c96wRoPU","昆头岭Ⅲ期","VNyTeDEw","2024-07-15 00:00:00","2024-07-15 23:50:00","发电机非驱动端轴承温升异常"
"昆头岭风电场","b7a5qrac","#79","c96wRoPU","昆头岭Ⅲ期","VNyTeDEw","2024-07-14 12:50:00","2024-07-14 23:50:00","发电机非驱动端轴承温升异常"
"昆头岭风电场","b7a5qrac","#79","c96wRoPU","昆头岭Ⅲ期","VNyTeDEw","2024-07-12 00:40:00","2024-07-12 14:50:00","发电机非驱动端轴承温升异常"
"昆头岭风电场","b7a5qrac","#79","c96wRoPU","昆头岭Ⅲ期","VNyTeDEw","2024-07-11 15:50:00","2024-07-11 23:30:00","发电机非驱动端轴承温升异常"
"昆头岭风电场","b7a5qrac","#79","c96wRoPU","昆头岭Ⅲ期","VNyTeDEw","2024-07-08 16:20:00","2024-07-08 23:50:00","发电机非驱动端轴承温升异常"
"昆头岭风电场","b7a5qrac","#79","c96wRoPU","昆头岭Ⅲ期","VNyTeDEw","2024-07-06 00:50:00","2024-07-06 21:30:00","发电机非驱动端轴承温升异常"
"昆头岭风电场","b7a5qrac","#79","c96wRoPU","昆头岭Ⅲ期","VNyTeDEw","2024-07-02 18:50:00","2024-07-02 20:00:00","发电机非驱动端轴承温升异常"
"昆头岭风电场","b7a5qrac","#79","c96wRoPU","昆头岭Ⅲ期","VNyTeDEw","2024-07-01 00:00:00","2024-07-01 23:40:00","发电机非驱动端轴承温升异常"
"昆头岭风电场","b7a5qrac","#79","c96wRoPU","昆头岭Ⅲ期","VNyTeDEw","2024-06-30 18:00:00","2024-06-30 23:50:00","发电机非驱动端轴承温升异常"
"昆头岭风电场","b7a5qrac","#79","c96wRoPU","昆头岭Ⅲ期","VNyTeDEw","2024-06-28 00:00:00","2024-06-28 20:40:00","发电机非驱动端轴承温升异常"
"昆头岭风电场","b7a5qrac","#79","c96wRoPU","昆头岭Ⅲ期","VNyTeDEw","2024-06-27 02:50:00","2024-06-27 23:50:00","发电机非驱动端轴承温升异常"
"昆头岭风电场","b7a5qrac","#79","c96wRoPU","昆头岭Ⅲ期","VNyTeDEw","2024-06-26 00:00:00","2024-06-26 20:20:00","发电机非驱动端轴承温升异常"
"昆头岭风电场","b7a5qrac","#79","c96wRoPU","昆头岭Ⅲ期","VNyTeDEw","2024-06-25 17:00:00","2024-06-25 23:50:00","发电机非驱动端轴承温升异常"
"昆头岭风电场","b7a5qrac","#79","c96wRoPU","昆头岭Ⅲ期","VNyTeDEw","2024-06-24 00:00:00","2024-06-24 18:40:00","发电机非驱动端轴承温升异常"
"昆头岭风电场","b7a5qrac","#79","c96wRoPU","昆头岭Ⅲ期","VNyTeDEw","2024-06-23 00:00:00","2024-06-23 23:50:00","发电机非驱动端轴承温升异常"
"昆头岭风电场","b7a5qrac","#79","c96wRoPU","昆头岭Ⅲ期","VNyTeDEw","2024-06-22 00:00:00","2024-06-22 23:50:00","发电机非驱动端轴承温升异常"
"昆头岭风电场","b7a5qrac","#79","c96wRoPU","昆头岭Ⅲ期","VNyTeDEw","2024-06-21 02:20:00","2024-06-21 21:50:00","发电机非驱动端轴承温升异常"
"昆头岭风电场","b7a5qrac","#79","c96wRoPU","昆头岭Ⅲ期","VNyTeDEw","2024-06-20 00:00:00","2024-06-20 22:40:00","发电机非驱动端轴承温升异常"
"昆头岭风电场","b7a5qrac","#79","c96wRoPU","昆头岭Ⅲ期","VNyTeDEw","2024-06-19 06:00:00","2024-06-19 21:10:00","发电机非驱动端轴承温升异常"
"昆头岭风电场","b7a5qrac","#79","c96wRoPU","昆头岭Ⅲ期","VNyTeDEw","2024-06-18 00:00:00","2024-06-18 21:50:00","发电机非驱动端轴承温升异常"
"昆头岭风电场","b7a5qrac","#79","c96wRoPU","昆头岭Ⅲ期","VNyTeDEw","2024-06-17 00:40:00","2024-06-17 23:50:00","发电机非驱动端轴承温升异常"
"昆头岭风电场","b7a5qrac","#79","c96wRoPU","昆头岭Ⅲ期","VNyTeDEw","2024-06-15 00:00:00","2024-06-15 20:30:00","发电机非驱动端轴承温升异常"
"昆头岭风电场","b7a5qrac","#79","c96wRoPU","昆头岭Ⅲ期","VNyTeDEw","2024-06-14 00:00:00","2024-06-14 23:50:00","发电机非驱动端轴承温升异常"
"昆头岭风电场","b7a5qrac","#79","c96wRoPU","昆头岭Ⅲ期","VNyTeDEw","2024-06-13 00:00:00","2024-06-13 23:50:00","发电机非驱动端轴承温升异常"
"昆头岭风电场","b7a5qrac","#79","c96wRoPU","昆头岭Ⅲ期","VNyTeDEw","2024-06-12 00:00:00","2024-06-12 23:50:00","发电机非驱动端轴承温升异常"
"昆头岭风电场","b7a5qrac","#79","c96wRoPU","昆头岭Ⅲ期","VNyTeDEw","2024-06-11 00:00:00","2024-06-11 23:50:00","发电机非驱动端轴承温升异常"
"昆头岭风电场","b7a5qrac","#79","c96wRoPU","昆头岭Ⅲ期","VNyTeDEw","2024-06-10 00:00:00","2024-06-10 23:50:00","发电机非驱动端轴承温升异常"
"昆头岭风电场","b7a5qrac","#79","c96wRoPU","昆头岭Ⅲ期","VNyTeDEw","2024-06-09 20:30:00","2024-06-09 23:50:00","发电机非驱动端轴承温升异常"
"昆头岭风电场","b7a5qrac","#79","c96wRoPU","昆头岭Ⅲ期","VNyTeDEw","2024-05-25 00:00:00","2024-05-25 18:50:00","发电机非驱动端轴承温升异常"
"昆头岭风电场","b7a5qrac","#79","c96wRoPU","昆头岭Ⅲ期","VNyTeDEw","2024-05-24 00:00:00","2024-05-24 23:50:00","发电机非驱动端轴承温升异常"
"昆头岭风电场","b7a5qrac","#79","c96wRoPU","昆头岭Ⅲ期","VNyTeDEw","2024-05-23 00:00:00","2024-05-23 23:50:00","发电机非驱动端轴承温升异常"
"昆头岭风电场","b7a5qrac","#79","c96wRoPU","昆头岭Ⅲ期","VNyTeDEw","2024-05-22 00:00:00","2024-05-22 23:50:00","发电机非驱动端轴承温升异常"
"昆头岭风电场","b7a5qrac","#79","c96wRoPU","昆头岭Ⅲ期","VNyTeDEw","2024-05-21 00:00:00","2024-05-21 23:50:00","发电机非驱动端轴承温升异常"
"昆头岭风电场","b7a5qrac","#79","c96wRoPU","昆头岭Ⅲ期","VNyTeDEw","2024-05-20 16:30:00","2024-05-20 23:50:00","发电机非驱动端轴承温升异常"
"昆头岭风电场","b7a5qrac","#79","c96wRoPU","昆头岭Ⅲ期","VNyTeDEw","2024-05-19 00:00:00","2024-05-19 21:40:00","发电机非驱动端轴承温升异常"
"昆头岭风电场","b7a5qrac","#79","c96wRoPU","昆头岭Ⅲ期","VNyTeDEw","2024-05-18 00:00:00","2024-05-18 23:50:00","发电机非驱动端轴承温升异常"
"昆头岭风电场","b7a5qrac","#79","c96wRoPU","昆头岭Ⅲ期","VNyTeDEw","2024-05-17 00:00:00","2024-05-17 23:50:00","发电机非驱动端轴承温升异常"
"昆头岭风电场","b7a5qrac","#79","c96wRoPU","昆头岭Ⅲ期","VNyTeDEw","2024-05-16 05:40:00","2024-05-16 23:50:00","发电机非驱动端轴承温升异常"
"昆头岭风电场","b7a5qrac","#79","c96wRoPU","昆头岭Ⅲ期","VNyTeDEw","2024-05-14 00:00:00","2024-05-14 16:10:00","发电机非驱动端轴承温升异常"
"昆头岭风电场","b7a5qrac","#79","c96wRoPU","昆头岭Ⅲ期","VNyTeDEw","2024-05-13 00:00:00","2024-05-13 23:50:00","发电机非驱动端轴承温升异常"
"昆头岭风电场","b7a5qrac","#79","c96wRoPU","昆头岭Ⅲ期","VNyTeDEw","2024-05-12 00:00:00","2024-05-12 23:50:00","发电机非驱动端轴承温升异常"
"昆头岭风电场","b7a5qrac","#79","c96wRoPU","昆头岭Ⅲ期","VNyTeDEw","2024-05-11 00:00:00","2024-05-11 23:50:00","发电机非驱动端轴承温升异常"
"昆头岭风电场","b7a5qrac","#79","c96wRoPU","昆头岭Ⅲ期","VNyTeDEw","2024-05-10 00:00:00","2024-05-10 23:50:00","发电机非驱动端轴承温升异常"
"昆头岭风电场","b7a5qrac","#79","c96wRoPU","昆头岭Ⅲ期","VNyTeDEw","2024-05-09 04:40:00","2024-05-09 23:50:00","发电机非驱动端轴承温升异常"
"昆头岭风电场","b7a5qrac","#79","c96wRoPU","昆头岭Ⅲ期","VNyTeDEw","2024-05-08 01:30:00","2024-05-08 23:00:00","发电机非驱动端轴承温升异常"
"昆头岭风电场","b7a5qrac","#79","c96wRoPU","昆头岭Ⅲ期","VNyTeDEw","2024-05-07 14:00:00","2024-05-07 17:30:00","发电机非驱动端轴承温升异常"
"昆头岭风电场","b7a5qrac","#79","c96wRoPU","昆头岭Ⅲ期","VNyTeDEw","2024-05-06 00:00:00","2024-05-06 23:50:00","发电机非驱动端轴承温升异常"
"昆头岭风电场","b7a5qrac","#79","c96wRoPU","昆头岭Ⅲ期","VNyTeDEw","2024-05-05 15:10:00","2024-05-05 23:50:00","发电机非驱动端轴承温升异常"
"昆头岭风电场","b7a5qrac","#79","c96wRoPU","昆头岭Ⅲ期","VNyTeDEw","2024-05-04 00:00:00","2024-05-04 00:50:00","发电机非驱动端轴承温升异常"
"昆头岭风电场","b7a5qrac","#79","c96wRoPU","昆头岭Ⅲ期","VNyTeDEw","2024-05-03 00:00:00","2024-05-03 23:50:00","发电机非驱动端轴承温升异常"
"昆头岭风电场","b7a5qrac","#79","c96wRoPU","昆头岭Ⅲ期","VNyTeDEw","2024-05-02 00:00:00","2024-05-02 23:50:00","发电机非驱动端轴承温升异常"
"昆头岭风电场","b7a5qrac","#79","c96wRoPU","昆头岭Ⅲ期","VNyTeDEw","2024-05-01 00:00:00","2024-05-01 23:50:00","发电机非驱动端轴承温升异常"
"昆头岭风电场","b7a5qrac","#79","c96wRoPU","昆头岭Ⅲ期","VNyTeDEw","2024-04-30 00:00:00","2024-04-30 23:50:00","发电机非驱动端轴承温升异常"
"昆头岭风电场","b7a5qrac","#79","c96wRoPU","昆头岭Ⅲ期","VNyTeDEw","2024-04-29 13:20:00","2024-04-29 23:50:00","发电机非驱动端轴承温升异常"
"昆头岭风电场","b7a5qrac","#79","c96wRoPU","昆头岭Ⅲ期","VNyTeDEw","2024-04-28 00:00:00","2024-04-28 16:50:00","发电机非驱动端轴承温升异常"
"昆头岭风电场","b7a5qrac","#79","c96wRoPU","昆头岭Ⅲ期","VNyTeDEw","2024-04-27 00:00:00","2024-04-27 23:10:00","发电机非驱动端轴承温升异常"
"昆头岭风电场","b7a5qrac","#79","c96wRoPU","昆头岭Ⅲ期","VNyTeDEw","2024-04-26 06:20:00","2024-04-26 23:50:00","发电机非驱动端轴承温升异常"
"昆头岭风电场","b7a5qrac","#79","c96wRoPU","昆头岭Ⅲ期","VNyTeDEw","2024-04-25 00:00:00","2024-04-25 21:30:00","发电机非驱动端轴承温升异常"
"昆头岭风电场","b7a5qrac","#79","c96wRoPU","昆头岭Ⅲ期","VNyTeDEw","2024-04-24 01:00:00","2024-04-24 23:50:00","发电机非驱动端轴承温升异常"
"昆头岭风电场","b7a5qrac","#79","c96wRoPU","昆头岭Ⅲ期","VNyTeDEw","2024-04-23 00:30:00","2024-04-23 19:40:00","发电机非驱动端轴承温升异常"
"昆头岭风电场","b7a5qrac","#79","c96wRoPU","昆头岭Ⅲ期","VNyTeDEw","2024-04-22 08:00:00","2024-04-22 17:50:00","发电机非驱动端轴承温升异常"
"昆头岭风电场","b7a5qrac","#79","c96wRoPU","昆头岭Ⅲ期","VNyTeDEw","2024-04-21 00:10:00","2024-04-21 23:40:00","发电机非驱动端轴承温升异常"
"昆头岭风电场","b7a5qrac","#79","c96wRoPU","昆头岭Ⅲ期","VNyTeDEw","2024-04-20 00:00:00","2024-04-20 12:30:00","发电机非驱动端轴承温升异常"
"昆头岭风电场","b7a5qrac","#79","c96wRoPU","昆头岭Ⅲ期","VNyTeDEw","2024-04-19 09:20:00","2024-04-19 23:50:00","发电机非驱动端轴承温升异常"
"昆头岭风电场","b7a5qrac","#79","c96wRoPU","昆头岭Ⅲ期","VNyTeDEw","2024-03-24 12:50:00","2024-03-24 16:40:00","发电机非驱动端轴承温升异常"
"昆头岭风电场","b7a5qrac","#79","c96wRoPU","昆头岭Ⅲ期","VNyTeDEw","2024-03-23 04:50:00","2024-03-23 21:20:00","发电机非驱动端轴承温升异常"
"昆头岭风电场","b7a5qrac","#79","c96wRoPU","昆头岭Ⅲ期","VNyTeDEw","2024-03-22 00:00:00","2024-03-22 20:10:00","发电机非驱动端轴承温升异常"
"昆头岭风电场","b7a5qrac","#79","c96wRoPU","昆头岭Ⅲ期","VNyTeDEw","2024-03-21 00:00:00","2024-03-21 23:50:00","发电机非驱动端轴承温升异常"
"昆头岭风电场","b7a5qrac","#79","c96wRoPU","昆头岭Ⅲ期","VNyTeDEw","2024-03-20 00:00:00","2024-03-20 23:50:00","发电机非驱动端轴承温升异常"
"昆头岭风电场","b7a5qrac","#79","c96wRoPU","昆头岭Ⅲ期","VNyTeDEw","2024-03-19 02:40:00","2024-03-19 23:50:00","发电机非驱动端轴承温升异常"
"昆头岭风电场","b7a5qrac","#79","c96wRoPU","昆头岭Ⅲ期","VNyTeDEw","2024-03-18 00:00:00","2024-03-18 16:50:00","发电机非驱动端轴承温升异常"
"昆头岭风电场","b7a5qrac","#79","c96wRoPU","昆头岭Ⅲ期","VNyTeDEw","2024-03-17 02:50:00","2024-03-17 23:50:00","发电机非驱动端轴承温升异常"
"昆头岭风电场","b7a5qrac","#79","c96wRoPU","昆头岭Ⅲ期","VNyTeDEw","2024-03-16 00:00:00","2024-03-16 13:50:00","发电机非驱动端轴承温升异常"
"昆头岭风电场","b7a5qrac","#79","c96wRoPU","昆头岭Ⅲ期","VNyTeDEw","2024-03-15 15:10:00","2024-03-15 23:50:00","发电机非驱动端轴承温升异常"
"昆头岭风电场","b7a5qrac","#79","c96wRoPU","昆头岭Ⅲ期","VNyTeDEw","2024-03-14 05:10:00","2024-03-14 23:30:00","发电机非驱动端轴承温升异常"
"昆头岭风电场","b7a5qrac","#79","c96wRoPU","昆头岭Ⅲ期","VNyTeDEw","2024-03-13 01:30:00","2024-03-13 19:20:00","发电机非驱动端轴承温升异常"
"昆头岭风电场","b7a5qrac","#79","c96wRoPU","昆头岭Ⅲ期","VNyTeDEw","2024-03-12 00:00:00","2024-03-12 22:10:00","发电机非驱动端轴承温升异常"
"昆头岭风电场","b7a5qrac","#79","c96wRoPU","昆头岭Ⅲ期","VNyTeDEw","2024-03-11 12:20:00","2024-03-11 23:50:00","发电机非驱动端轴承温升异常"
"昆头岭风电场","b7a5qrac","#79","c96wRoPU","昆头岭Ⅲ期","VNyTeDEw","2024-03-10 03:50:00","2024-03-10 22:20:00","发电机非驱动端轴承温升异常"
"昆头岭风电场","b7a5qrac","#79","c96wRoPU","昆头岭Ⅲ期","VNyTeDEw","2024-03-09 06:00:00","2024-03-09 23:00:00","发电机非驱动端轴承温升异常"
"昆头岭风电场","b7a5qrac","#79","c96wRoPU","昆头岭Ⅲ期","VNyTeDEw","2024-03-08 01:40:00","2024-03-08 19:10:00","发电机非驱动端轴承温升异常"
"昆头岭风电场","b7a5qrac","#79","c96wRoPU","昆头岭Ⅲ期","VNyTeDEw","2024-03-06 00:00:00","2024-03-06 01:30:00","发电机非驱动端轴承温升异常"
"昆头岭风电场","b7a5qrac","#79","c96wRoPU","昆头岭Ⅲ期","VNyTeDEw","2024-03-05 13:30:00","2024-03-05 23:50:00","发电机非驱动端轴承温升异常"
"昆头岭风电场","b7a5qrac","#79","c96wRoPU","昆头岭Ⅲ期","VNyTeDEw","2024-03-04 00:00:00","2024-03-04 06:30:00","发电机非驱动端轴承温升异常"
"昆头岭风电场","b7a5qrac","#79","c96wRoPU","昆头岭Ⅲ期","VNyTeDEw","2024-03-03 00:30:00","2024-03-03 23:50:00","发电机非驱动端轴承温升异常"
"昆头岭风电场","b7a5qrac","#79","c96wRoPU","昆头岭Ⅲ期","VNyTeDEw","2024-03-02 05:50:00","2024-03-02 23:40:00","发电机非驱动端轴承温升异常"
"昆头岭风电场","b7a5qrac","#79","c96wRoPU","昆头岭Ⅲ期","VNyTeDEw","2024-03-01 00:00:00","2024-03-01 15:30:00","发电机非驱动端轴承温升异常"
"昆头岭风电场","b7a5qrac","#79","c96wRoPU","昆头岭Ⅲ期","VNyTeDEw","2024-02-29 01:50:00","2024-02-29 23:40:00","发电机非驱动端轴承温升异常"
"昆头岭风电场","b7a5qrac","#79","c96wRoPU","昆头岭Ⅲ期","VNyTeDEw","2024-02-28 14:30:00","2024-02-28 20:10:00","发电机非驱动端轴承温升异常"
"昆头岭风电场","b7a5qrac","#79","c96wRoPU","昆头岭Ⅲ期","VNyTeDEw","2024-02-27 00:00:00","2024-02-27 19:30:00","发电机非驱动端轴承温升异常"
"昆头岭风电场","b7a5qrac","#79","c96wRoPU","昆头岭Ⅲ期","VNyTeDEw","2024-02-26 20:40:00","2024-02-26 23:50:00","发电机非驱动端轴承温升异常"
"昆头岭风电场","b7a5qrac","#79","c96wRoPU","昆头岭Ⅲ期","VNyTeDEw","2024-02-25 08:50:00","2024-02-25 18:30:00","发电机非驱动端轴承温升异常"
"昆头岭风电场","b7a5qrac","#79","c96wRoPU","昆头岭Ⅲ期","VNyTeDEw","2024-02-24 15:20:00","2024-02-24 23:00:00","发电机非驱动端轴承温升异常"
"昆头岭风电场","b7a5qrac","#79","c96wRoPU","昆头岭Ⅲ期","VNyTeDEw","2024-02-21 05:50:00","2024-02-21 20:20:00","发电机非驱动端轴承温升异常"
"昆头岭风电场","b7a5qrac","#79","c96wRoPU","昆头岭Ⅲ期","VNyTeDEw","2024-02-19 01:20:00","2024-02-19 20:30:00","发电机非驱动端轴承温升异常"
"昆头岭风电场","b7a5qrac","#79","c96wRoPU","昆头岭Ⅲ期","VNyTeDEw","2024-02-18 00:00:00","2024-02-18 23:30:00","发电机非驱动端轴承温升异常"
"昆头岭风电场","b7a5qrac","#79","c96wRoPU","昆头岭Ⅲ期","VNyTeDEw","2024-02-17 00:00:00","2024-02-17 23:50:00","发电机非驱动端轴承温升异常"
"昆头岭风电场","b7a5qrac","#79","c96wRoPU","昆头岭Ⅲ期","VNyTeDEw","2024-02-16 00:00:00","2024-02-16 23:50:00","发电机非驱动端轴承温升异常"
"昆头岭风电场","b7a5qrac","#79","c96wRoPU","昆头岭Ⅲ期","VNyTeDEw","2024-02-15 00:30:00","2024-02-15 23:50:00","发电机非驱动端轴承温升异常"
"昆头岭风电场","b7a5qrac","#79","c96wRoPU","昆头岭Ⅲ期","VNyTeDEw","2024-02-14 03:50:00","2024-02-14 23:50:00","发电机非驱动端轴承温升异常"
"昆头岭风电场","b7a5qrac","#79","c96wRoPU","昆头岭Ⅲ期","VNyTeDEw","2024-02-13 00:00:00","2024-02-13 22:50:00","发电机非驱动端轴承温升异常"
"昆头岭风电场","b7a5qrac","#79","c96wRoPU","昆头岭Ⅲ期","VNyTeDEw","2024-02-12 00:00:00","2024-02-12 23:50:00","发电机非驱动端轴承温升异常"
"昆头岭风电场","b7a5qrac","#79","c96wRoPU","昆头岭Ⅲ期","VNyTeDEw","2024-02-11 02:50:00","2024-02-11 23:50:00","发电机非驱动端轴承温升异常"
"昆头岭风电场","b7a5qrac","#79","c96wRoPU","昆头岭Ⅲ期","VNyTeDEw","2024-02-10 18:20:00","2024-02-10 23:00:00","发电机非驱动端轴承温升异常"
"昆头岭风电场","b7a5qrac","#79","c96wRoPU","昆头岭Ⅲ期","VNyTeDEw","2024-02-09 00:20:00","2024-02-09 21:00:00","发电机非驱动端轴承温升异常"
"昆头岭风电场","b7a5qrac","#79","c96wRoPU","昆头岭Ⅲ期","VNyTeDEw","2024-02-06 00:40:00","2024-02-06 05:30:00","发电机非驱动端轴承温升异常"
"昆头岭风电场","b7a5qrac","#79","c96wRoPU","昆头岭Ⅲ期","VNyTeDEw","2024-02-04 20:30:00","2024-02-04 23:50:00","发电机非驱动端轴承温升异常"
"昆头岭风电场","b7a5qrac","#79","c96wRoPU","昆头岭Ⅲ期","VNyTeDEw","2024-01-31 00:00:00","2024-01-31 02:00:00","发电机非驱动端轴承温升异常"
"昆头岭风电场","b7a5qrac","#79","c96wRoPU","昆头岭Ⅲ期","VNyTeDEw","2024-01-30 00:10:00","2024-01-30 23:50:00","发电机非驱动端轴承温升异常"
"昆头岭风电场","b7a5qrac","#79","c96wRoPU","昆头岭Ⅲ期","VNyTeDEw","2024-01-28 00:00:00","2024-01-28 05:50:00","发电机非驱动端轴承温升异常"
"昆头岭风电场","b7a5qrac","#79","c96wRoPU","昆头岭Ⅲ期","VNyTeDEw","2024-01-27 18:30:00","2024-01-27 23:50:00","发电机非驱动端轴承温升异常"
"昆头岭风电场","b7a5qrac","#79","c96wRoPU","昆头岭Ⅲ期","VNyTeDEw","2024-01-25 00:00:00","2024-01-25 19:30:00","发电机非驱动端轴承温升异常"
"昆头岭风电场","b7a5qrac","#79","c96wRoPU","昆头岭Ⅲ期","VNyTeDEw","2024-01-23 00:00:00","2024-01-23 13:50:00","发电机非驱动端轴承温升异常"
"昆头岭风电场","b7a5qrac","#79","c96wRoPU","昆头岭Ⅲ期","VNyTeDEw","2024-01-22 09:30:00","2024-01-22 23:30:00","发电机非驱动端轴承温升异常"
"昆头岭风电场","b7a5qrac","#79","c96wRoPU","昆头岭Ⅲ期","VNyTeDEw","2024-01-21 06:20:00","2024-01-21 22:20:00","发电机非驱动端轴承温升异常"
"昆头岭风电场","b7a5qrac","#79","c96wRoPU","昆头岭Ⅲ期","VNyTeDEw","2024-01-20 01:20:00","2024-01-20 20:30:00","发电机非驱动端轴承温升异常"
"昆头岭风电场","b7a5qrac","#79","c96wRoPU","昆头岭Ⅲ期","VNyTeDEw","2024-01-19 09:30:00","2024-01-19 22:50:00","发电机非驱动端轴承温升异常"
"昆头岭风电场","b7a5qrac","#79","c96wRoPU","昆头岭Ⅲ期","VNyTeDEw","2024-01-16 11:10:00","2024-01-16 12:50:00","发电机非驱动端轴承温升异常"
"昆头岭风电场","b7a5qrac","#79","c96wRoPU","昆头岭Ⅲ期","VNyTeDEw","2024-01-13 01:30:00","2024-01-13 16:50:00","发电机非驱动端轴承温升异常"
"昆头岭风电场","b7a5qrac","#79","c96wRoPU","昆头岭Ⅲ期","VNyTeDEw","2024-01-12 01:50:00","2024-01-12 16:50:00","发电机非驱动端轴承温升异常"
"昆头岭风电场","b7a5qrac","#79","c96wRoPU","昆头岭Ⅲ期","VNyTeDEw","2024-01-11 02:10:00","2024-01-11 20:10:00","发电机非驱动端轴承温升异常"
"昆头岭风电场","b7a5qrac","#79","c96wRoPU","昆头岭Ⅲ期","VNyTeDEw","2024-01-10 05:30:00","2024-01-10 23:30:00","发电机非驱动端轴承温升异常"
"昆头岭风电场","b7a5qrac","#79","c96wRoPU","昆头岭Ⅲ期","VNyTeDEw","2024-01-08 02:00:00","2024-01-08 19:30:00","发电机非驱动端轴承温升异常"
"昆头岭风电场","b7a5qrac","#79","c96wRoPU","昆头岭Ⅲ期","VNyTeDEw","2024-01-07 03:40:00","2024-01-07 23:50:00","发电机非驱动端轴承温升异常"
"昆头岭风电场","b7a5qrac","#79","c96wRoPU","昆头岭Ⅲ期","VNyTeDEw","2024-01-06 09:00:00","2024-01-06 22:30:00","发电机非驱动端轴承温升异常"
"昆头岭风电场","b7a5qrac","#79","c96wRoPU","昆头岭Ⅲ期","VNyTeDEw","2024-01-05 04:00:00","2024-01-05 23:40:00","发电机非驱动端轴承温升异常"
"昆头岭风电场","b7a5qrac","#79","c96wRoPU","昆头岭Ⅲ期","VNyTeDEw","2024-01-04 06:40:00","2024-01-04 09:50:00","发电机非驱动端轴承温升异常"
"昆头岭风电场","b7a5qrac","#79","c96wRoPU","昆头岭Ⅲ期","VNyTeDEw","2024-01-03 03:40:00","2024-01-03 18:10:00","发电机非驱动端轴承温升异常"
"昆头岭风电场","b7a5qrac","#79","c96wRoPU","昆头岭Ⅲ期","VNyTeDEw","2024-01-02 01:40:00","2024-01-02 17:40:00","发电机非驱动端轴承温升异常"
"昆头岭风电场","b7a5qrac","#79","c96wRoPU","昆头岭Ⅲ期","VNyTeDEw","2024-01-01 00:20:00","2024-01-01 14:20:00","发电机非驱动端轴承温升异常"
"魁通沟风电场","1a650d6562800000","#066","1a67a95247000000","魁通沟Ⅰ期","1a650d6564800000","2024-04-05 05:50:00","2024-04-05 11:20:00","发电机非驱动端轴承温升异常"
"魁通沟风电场","1a650d6562800000","#066","1a67a95247000000","魁通沟Ⅰ期","1a650d6564800000","2024-04-05 05:50:00","2024-04-05 11:10:00","发电机非驱动端轴承温度异常"
"魁通沟风电场","1a650d6562800000","#041","1a67a9521d000000","魁通沟Ⅰ期","1a650d6564800000","2024-07-22 01:50:00","2024-07-22 03:00:00","发电机非驱动端轴承温度异常"
"魁通沟风电场","1a650d6562800000","#044","1a67a95222802000","魁通沟Ⅰ期","1a650d6564800000","2024-07-22 02:30:00","2024-07-22 02:50:00","发电机非驱动端轴承温度异常"
"望海风电场","HwQOuWzt","A05","a6nV01sb","望海风电场","3Vymz9CG","2024-07-22 02:10:00","2024-07-22 04:20:00","发电机非驱动端轴承温升异常"
"望海风电场","HwQOuWzt","A05","a6nV01sb","望海风电场","3Vymz9CG","2024-07-22 02:00:00","2024-07-22 05:00:00","发电机非驱动端轴承温度异常"
"望海风电场","HwQOuWzt","A05","a6nV01sb","望海风电场","3Vymz9CG","2024-07-06 00:00:00","2024-07-06 03:30:00","发电机非驱动端轴承温度异常"
"望海风电场","HwQOuWzt","A05","a6nV01sb","望海风电场","3Vymz9CG","2024-07-05 21:30:00","2024-07-05 23:50:00","发电机非驱动端轴承温度异常"
"望海风电场","HwQOuWzt","A13","Gmv51K7d","望海风电场","3Vymz9CG","2024-08-26 20:10:00","2024-08-26 21:20:00","发电机非驱动端轴承温度异常"
"望海风电场","HwQOuWzt","A13","Gmv51K7d","望海风电场","3Vymz9CG","2024-08-09 21:20:00","2024-08-09 22:30:00","发电机非驱动端轴承温升异常"
"英图风电场","xoyzYv2u","#056","0SuADtnZ","英图Ⅱ期","4W6Awgb2","2024-08-11 19:20:00","2024-08-11 23:40:00","发电机驱动端轴承温度异常"
"魁通沟风电场","1a650d6562800000","#006","1a67a951e1802000","魁通沟Ⅰ期","1a650d6564800000","2024-07-22 04:10:00","2024-07-22 05:40:00","发电机非驱动端轴承温升异常"
"魁通沟风电场","1a650d6562800000","#006","1a67a951e1802000","魁通沟Ⅰ期","1a650d6564800000","2024-07-22 03:10:00","2024-07-22 04:30:00","发电机非驱动端轴承温度异常"
"魁通沟风电场","1a650d6562800000","#006","1a67a951e1802000","魁通沟Ⅰ期","1a650d6564800000","2024-04-25 15:50:00","2024-04-25 18:30:00","发电机非驱动端轴承温度异常"
"魁通沟风电场","1a650d6562800000","#018","1a67a951f4800000","魁通沟Ⅰ期","1a650d6564800000","2024-07-21 23:10:00","2024-07-21 23:50:00","发电机驱动端轴承温度异常"
"魁通沟风电场","1a650d6562800000","#018","1a67a951f4800000","魁通沟Ⅰ期","1a650d6564800000","2024-07-22 00:00:00","2024-07-22 02:50:00","发电机驱动端轴承温升异常"
"魁通沟风电场","1a650d6562800000","#018","1a67a951f4800000","魁通沟Ⅰ期","1a650d6564800000","2024-07-21 23:00:00","2024-07-21 23:50:00","发电机驱动端轴承温升异常"
"魁通沟风电场","1a650d6562800000","#018","1a67a951f4800000","魁通沟Ⅰ期","1a650d6564800000","2024-07-22 00:00:00","2024-07-22 02:40:00","发电机驱动端轴承温度异常"
"魁通沟风电场","1a650d6562800000","#069","1a67a9524c800000","魁通沟Ⅰ期","1a650d6564800000","2024-08-31 15:10:00","2024-08-31 16:00:00","发电机非驱动端轴承温度异常"
"魁通沟风电场","1a650d6562800000","#069","1a67a9524c800000","魁通沟Ⅰ期","1a650d6564800000","2024-08-09 13:50:00","2024-08-09 22:40:00","发电机非驱动端轴承温度异常"
"魁通沟风电场","1a650d6562800000","#069","1a67a9524c800000","魁通沟Ⅰ期","1a650d6564800000","2024-07-22 00:00:00","2024-07-22 03:30:00","发电机非驱动端轴承温度异常"
"魁通沟风电场","1a650d6562800000","#069","1a67a9524c800000","魁通沟Ⅰ期","1a650d6564800000","2024-07-21 22:30:00","2024-07-21 23:50:00","发电机非驱动端轴承温度异常"
"魁通沟风电场","1a650d6562800000","#069","1a67a9524c800000","魁通沟Ⅰ期","1a650d6564800000","2024-07-16 01:40:00","2024-07-16 05:10:00","发电机非驱动端轴承温度异常"
"魁通沟风电场","1a650d6562800000","#069","1a67a9524c800000","魁通沟Ⅰ期","1a650d6564800000","2024-07-15 16:10:00","2024-07-15 20:20:00","发电机非驱动端轴承温度异常"
"魁通沟风电场","1a650d6562800000","#069","1a67a9524c800000","魁通沟Ⅰ期","1a650d6564800000","2024-06-27 18:20:00","2024-06-27 20:20:00","发电机非驱动端轴承温度异常"
"魁通沟风电场","1a650d6562800000","#069","1a67a9524c800000","魁通沟Ⅰ期","1a650d6564800000","2024-05-30 13:20:00","2024-05-30 19:30:00","发电机非驱动端轴承温度异常"
"魁通沟风电场","1a650d6562800000","#069","1a67a9524c800000","魁通沟Ⅰ期","1a650d6564800000","2024-05-29 00:00:00","2024-05-29 03:30:00","发电机非驱动端轴承温度异常"
"魁通沟风电场","1a650d6562800000","#069","1a67a9524c800000","魁通沟Ⅰ期","1a650d6564800000","2024-05-26 17:10:00","2024-05-26 21:40:00","发电机非驱动端轴承温度异常"
"魁通沟风电场","1a650d6562800000","#069","1a67a9524c800000","魁通沟Ⅰ期","1a650d6564800000","2024-05-21 00:00:00","2024-05-21 01:10:00","发电机非驱动端轴承温度异常"
"魁通沟风电场","1a650d6562800000","#069","1a67a9524c800000","魁通沟Ⅰ期","1a650d6564800000","2024-05-20 10:40:00","2024-05-20 23:50:00","发电机非驱动端轴承温度异常"
"魁通沟风电场","1a650d6562800000","#069","1a67a9524c800000","魁通沟Ⅰ期","1a650d6564800000","2024-05-09 15:20:00","2024-05-09 17:00:00","发电机非驱动端轴承温度异常"
"魁通沟风电场","1a650d6562800000","#069","1a67a9524c800000","魁通沟Ⅰ期","1a650d6564800000","2024-04-25 17:10:00","2024-04-25 19:00:00","发电机非驱动端轴承温度异常"
"魁通沟风电场","1a650d6562800000","#069","1a67a9524c800000","魁通沟Ⅰ期","1a650d6564800000","2024-04-14 00:00:00","2024-04-14 00:40:00","发电机非驱动端轴承温度异常"
"魁通沟风电场","1a650d6562800000","#069","1a67a9524c800000","魁通沟Ⅰ期","1a650d6564800000","2024-04-13 21:20:00","2024-04-13 23:50:00","发电机非驱动端轴承温度异常"
"魁通沟风电场","1a650d6562800000","#069","1a67a9524c800000","魁通沟Ⅰ期","1a650d6564800000","2024-08-31 12:30:00","2024-08-31 18:40:00","发电机非驱动端轴承温升异常"
"魁通沟风电场","1a650d6562800000","#069","1a67a9524c800000","魁通沟Ⅰ期","1a650d6564800000","2024-08-11 17:50:00","2024-08-11 20:20:00","发电机非驱动端轴承温升异常"
"魁通沟风电场","1a650d6562800000","#069","1a67a9524c800000","魁通沟Ⅰ期","1a650d6564800000","2024-08-09 13:00:00","2024-08-09 23:50:00","发电机非驱动端轴承温升异常"
"魁通沟风电场","1a650d6562800000","#069","1a67a9524c800000","魁通沟Ⅰ期","1a650d6564800000","2024-07-16 00:00:00","2024-07-16 06:30:00","发电机非驱动端轴承温升异常"
"魁通沟风电场","1a650d6562800000","#069","1a67a9524c800000","魁通沟Ⅰ期","1a650d6564800000","2024-07-15 14:10:00","2024-07-15 23:50:00","发电机非驱动端轴承温升异常"
"魁通沟风电场","1a650d6562800000","#069","1a67a9524c800000","魁通沟Ⅰ期","1a650d6564800000","2024-07-14 21:40:00","2024-07-14 23:00:00","发电机非驱动端轴承温升异常"
"魁通沟风电场","1a650d6562800000","#069","1a67a9524c800000","魁通沟Ⅰ期","1a650d6564800000","2024-06-27 17:30:00","2024-06-27 20:30:00","发电机非驱动端轴承温升异常"
"魁通沟风电场","1a650d6562800000","#069","1a67a9524c800000","魁通沟Ⅰ期","1a650d6564800000","2024-06-14 14:20:00","2024-06-14 16:30:00","发电机非驱动端轴承温升异常"
"魁通沟风电场","1a650d6562800000","#069","1a67a9524c800000","魁通沟Ⅰ期","1a650d6564800000","2024-06-05 14:40:00","2024-06-05 23:50:00","发电机非驱动端轴承温升异常"
"魁通沟风电场","1a650d6562800000","#069","1a67a9524c800000","魁通沟Ⅰ期","1a650d6564800000","2024-06-01 14:30:00","2024-06-01 16:10:00","发电机非驱动端轴承温升异常"
"魁通沟风电场","1a650d6562800000","#069","1a67a9524c800000","魁通沟Ⅰ期","1a650d6564800000","2024-05-30 18:10:00","2024-05-30 21:50:00","发电机非驱动端轴承温升异常"
"魁通沟风电场","1a650d6562800000","#069","1a67a9524c800000","魁通沟Ⅰ期","1a650d6564800000","2024-05-29 00:00:00","2024-05-29 04:00:00","发电机非驱动端轴承温升异常"
"魁通沟风电场","1a650d6562800000","#069","1a67a9524c800000","魁通沟Ⅰ期","1a650d6564800000","2024-05-28 23:00:00","2024-05-28 23:50:00","发电机非驱动端轴承温升异常"
"魁通沟风电场","1a650d6562800000","#069","1a67a9524c800000","魁通沟Ⅰ期","1a650d6564800000","2024-05-26 20:30:00","2024-05-26 22:20:00","发电机非驱动端轴承温升异常"
"魁通沟风电场","1a650d6562800000","#069","1a67a9524c800000","魁通沟Ⅰ期","1a650d6564800000","2024-05-21 00:00:00","2024-05-21 01:40:00","发电机非驱动端轴承温升异常"
"魁通沟风电场","1a650d6562800000","#069","1a67a9524c800000","魁通沟Ⅰ期","1a650d6564800000","2024-05-20 10:40:00","2024-05-20 23:50:00","发电机非驱动端轴承温升异常"
"魁通沟风电场","1a650d6562800000","#069","1a67a9524c800000","魁通沟Ⅰ期","1a650d6564800000","2024-05-11 19:40:00","2024-05-11 20:30:00","发电机非驱动端轴承温升异常"
"魁通沟风电场","1a650d6562800000","#069","1a67a9524c800000","魁通沟Ⅰ期","1a650d6564800000","2024-05-10 17:30:00","2024-05-10 18:30:00","发电机非驱动端轴承温升异常"
"魁通沟风电场","1a650d6562800000","#069","1a67a9524c800000","魁通沟Ⅰ期","1a650d6564800000","2024-05-09 13:40:00","2024-05-09 17:00:00","发电机非驱动端轴承温升异常"
"魁通沟风电场","1a650d6562800000","#069","1a67a9524c800000","魁通沟Ⅰ期","1a650d6564800000","2024-04-14 00:00:00","2024-04-14 17:50:00","发电机非驱动端轴承温升异常"
"魁通沟风电场","1a650d6562800000","#069","1a67a9524c800000","魁通沟Ⅰ期","1a650d6564800000","2024-04-13 21:20:00","2024-04-13 23:50:00","发电机非驱动端轴承温升异常"
"魁通沟风电场","1a650d6562800000","#069","1a67a9524c800000","魁通沟Ⅰ期","1a650d6564800000","2024-04-01 16:10:00","2024-04-01 20:00:00","发电机非驱动端轴承温升异常"
"魁通沟风电场","1a650d6562800000","#069","1a67a9524c800000","魁通沟Ⅰ期","1a650d6564800000","2024-03-16 00:00:00","2024-03-16 02:50:00","发电机非驱动端轴承温升异常"
"魁通沟风电场","1a650d6562800000","#069","1a67a9524c800000","魁通沟Ⅰ期","1a650d6564800000","2024-03-15 17:00:00","2024-03-15 23:50:00","发电机非驱动端轴承温升异常"
"魁通沟风电场","1a650d6562800000","#037","1a67a95216000000","魁通沟Ⅰ期","1a650d6564800000","2024-08-30 05:00:00","2024-08-30 07:40:00","发电机非驱动端轴承温升异常"
"魁通沟风电场","1a650d6562800000","#037","1a67a95216000000","魁通沟Ⅰ期","1a650d6564800000","2024-08-30 04:40:00","2024-08-30 07:10:00","发电机驱动端轴承温升异常"
"魁通沟风电场","1a650d6562800000","#037","1a67a95216000000","魁通沟Ⅰ期","1a650d6564800000","2024-08-30 05:30:00","2024-08-30 07:20:00","发电机非驱动端轴承温度异常"
"魁通沟风电场","1a650d6562800000","#037","1a67a95216000000","魁通沟Ⅰ期","1a650d6564800000","2024-08-30 05:00:00","2024-08-30 06:50:00","发电机驱动端轴承温度异常"
"英图风电场","xoyzYv2u","#069","H7ebaOmz","英图Ⅱ期","4W6Awgb2","2024-05-16 17:20:00","2024-05-16 19:20:00","发电机驱动端轴承温度异常"
"英图风电场","xoyzYv2u","#069","H7ebaOmz","英图Ⅱ期","4W6Awgb2","2024-08-12 00:00:00","2024-08-12 00:30:00","发电机驱动端轴承温度异常"
"英图风电场","xoyzYv2u","#069","H7ebaOmz","英图Ⅱ期","4W6Awgb2","2024-08-11 12:20:00","2024-08-11 23:50:00","发电机驱动端轴承温度异常"
"英图风电场","xoyzYv2u","#057","lrqLtv3z","英图Ⅱ期","4W6Awgb2","2024-05-16 17:10:00","2024-05-16 20:00:00","发电机驱动端轴承温度异常"
"英图风电场","xoyzYv2u","#057","lrqLtv3z","英图Ⅱ期","4W6Awgb2","2024-08-12 00:00:00","2024-08-12 01:40:00","发电机驱动端轴承温度异常"
"英图风电场","xoyzYv2u","#057","lrqLtv3z","英图Ⅱ期","4W6Awgb2","2024-08-11 07:00:00","2024-08-11 23:50:00","发电机驱动端轴承温度异常"
"英图风电场","xoyzYv2u","#057","lrqLtv3z","英图Ⅱ期","4W6Awgb2","2024-08-10 18:10:00","2024-08-10 21:40:00","发电机驱动端轴承温度异常"
"英图风电场","xoyzYv2u","#057","lrqLtv3z","英图Ⅱ期","4W6Awgb2","2024-08-09 16:20:00","2024-08-09 19:50:00","发电机驱动端轴承温度异常"
"英图风电场","xoyzYv2u","#057","lrqLtv3z","英图Ⅱ期","4W6Awgb2","2024-05-30 16:30:00","2024-05-30 20:50:00","发电机驱动端轴承温度异常"
"英图风电场","xoyzYv2u","#050","X39uvVed","英图Ⅱ期","4W6Awgb2","2024-04-26 13:20:00","2024-04-26 23:50:00","发电机驱动端轴承温度异常"
"英图风电场","xoyzYv2u","#050","X39uvVed","英图Ⅱ期","4W6Awgb2","2024-07-18 01:50:00","2024-07-18 10:30:00","发电机驱动端轴承温升异常"
"英图风电场","xoyzYv2u","#050","X39uvVed","英图Ⅱ期","4W6Awgb2","2024-07-17 19:00:00","2024-07-17 23:00:00","发电机驱动端轴承温升异常"
"英图风电场","xoyzYv2u","#050","X39uvVed","英图Ⅱ期","4W6Awgb2","2024-07-16 00:00:00","2024-07-16 20:00:00","发电机驱动端轴承温升异常"
"英图风电场","xoyzYv2u","#050","X39uvVed","英图Ⅱ期","4W6Awgb2","2024-07-15 00:00:00","2024-07-15 23:50:00","发电机驱动端轴承温升异常"
"英图风电场","xoyzYv2u","#050","X39uvVed","英图Ⅱ期","4W6Awgb2","2024-07-14 00:00:00","2024-07-14 23:50:00","发电机驱动端轴承温升异常"
"英图风电场","xoyzYv2u","#050","X39uvVed","英图Ⅱ期","4W6Awgb2","2024-07-13 21:50:00","2024-07-13 23:50:00","发电机驱动端轴承温升异常"
"英图风电场","xoyzYv2u","#050","X39uvVed","英图Ⅱ期","4W6Awgb2","2024-07-12 01:30:00","2024-07-12 02:50:00","发电机驱动端轴承温升异常"
"英图风电场","xoyzYv2u","#050","X39uvVed","英图Ⅱ期","4W6Awgb2","2024-07-03 08:20:00","2024-07-03 10:20:00","发电机驱动端轴承温升异常"
"英图风电场","xoyzYv2u","#050","X39uvVed","英图Ⅱ期","4W6Awgb2","2024-07-02 03:10:00","2024-07-02 09:10:00","发电机驱动端轴承温升异常"
"英图风电场","xoyzYv2u","#050","X39uvVed","英图Ⅱ期","4W6Awgb2","2024-06-24 06:20:00","2024-06-24 17:50:00","发电机驱动端轴承温升异常"
"英图风电场","xoyzYv2u","#050","X39uvVed","英图Ⅱ期","4W6Awgb2","2024-06-23 02:30:00","2024-06-23 22:40:00","发电机驱动端轴承温升异常"
"英图风电场","xoyzYv2u","#050","X39uvVed","英图Ⅱ期","4W6Awgb2","2024-06-22 00:00:00","2024-06-22 15:30:00","发电机驱动端轴承温升异常"
"英图风电场","xoyzYv2u","#050","X39uvVed","英图Ⅱ期","4W6Awgb2","2024-06-21 00:00:00","2024-06-21 23:20:00","发电机驱动端轴承温升异常"
"英图风电场","xoyzYv2u","#050","X39uvVed","英图Ⅱ期","4W6Awgb2","2024-06-20 00:00:00","2024-06-20 23:50:00","发电机驱动端轴承温升异常"
"英图风电场","xoyzYv2u","#050","X39uvVed","英图Ⅱ期","4W6Awgb2","2024-06-19 00:00:00","2024-06-19 23:50:00","发电机驱动端轴承温升异常"
"英图风电场","xoyzYv2u","#050","X39uvVed","英图Ⅱ期","4W6Awgb2","2024-06-18 13:10:00","2024-06-18 23:50:00","发电机驱动端轴承温升异常"
"英图风电场","xoyzYv2u","#050","X39uvVed","英图Ⅱ期","4W6Awgb2","2024-06-14 02:10:00","2024-06-14 23:50:00","发电机驱动端轴承温升异常"
"英图风电场","xoyzYv2u","#050","X39uvVed","英图Ⅱ期","4W6Awgb2","2024-06-13 00:50:00","2024-06-13 21:30:00","发电机驱动端轴承温升异常"
"英图风电场","xoyzYv2u","#050","X39uvVed","英图Ⅱ期","4W6Awgb2","2024-06-12 12:40:00","2024-06-12 22:50:00","发电机驱动端轴承温升异常"
"英图风电场","xoyzYv2u","#050","X39uvVed","英图Ⅱ期","4W6Awgb2","2024-06-11 00:00:00","2024-06-11 18:20:00","发电机驱动端轴承温升异常"
"英图风电场","xoyzYv2u","#050","X39uvVed","英图Ⅱ期","4W6Awgb2","2024-06-10 00:00:00","2024-06-10 23:50:00","发电机驱动端轴承温升异常"
"英图风电场","xoyzYv2u","#050","X39uvVed","英图Ⅱ期","4W6Awgb2","2024-06-09 19:30:00","2024-06-09 23:20:00","发电机驱动端轴承温升异常"
"英图风电场","xoyzYv2u","#050","X39uvVed","英图Ⅱ期","4W6Awgb2","2024-06-08 03:10:00","2024-06-08 22:00:00","发电机驱动端轴承温升异常"
"英图风电场","xoyzYv2u","#050","X39uvVed","英图Ⅱ期","4W6Awgb2","2024-06-07 06:50:00","2024-06-07 23:20:00","发电机驱动端轴承温升异常"
"英图风电场","xoyzYv2u","#050","X39uvVed","英图Ⅱ期","4W6Awgb2","2024-06-06 00:00:00","2024-06-06 17:50:00","发电机驱动端轴承温升异常"
"英图风电场","xoyzYv2u","#050","X39uvVed","英图Ⅱ期","4W6Awgb2","2024-06-05 00:00:00","2024-06-05 23:50:00","发电机驱动端轴承温升异常"
"英图风电场","xoyzYv2u","#050","X39uvVed","英图Ⅱ期","4W6Awgb2","2024-06-04 01:30:00","2024-06-04 23:50:00","发电机驱动端轴承温升异常"
"英图风电场","xoyzYv2u","#050","X39uvVed","英图Ⅱ期","4W6Awgb2","2024-06-01 15:00:00","2024-06-01 18:40:00","发电机驱动端轴承温升异常"
"英图风电场","xoyzYv2u","#050","X39uvVed","英图Ⅱ期","4W6Awgb2","2024-05-31 00:00:00","2024-05-31 20:20:00","发电机驱动端轴承温升异常"
"英图风电场","xoyzYv2u","#050","X39uvVed","英图Ⅱ期","4W6Awgb2","2024-05-30 07:50:00","2024-05-30 23:50:00","发电机驱动端轴承温升异常"
"英图风电场","xoyzYv2u","#050","X39uvVed","英图Ⅱ期","4W6Awgb2","2024-05-29 00:00:00","2024-05-29 20:20:00","发电机驱动端轴承温升异常"
"英图风电场","xoyzYv2u","#050","X39uvVed","英图Ⅱ期","4W6Awgb2","2024-05-28 14:50:00","2024-05-28 23:50:00","发电机驱动端轴承温升异常"
"英图风电场","xoyzYv2u","#050","X39uvVed","英图Ⅱ期","4W6Awgb2","2024-05-27 00:00:00","2024-05-27 03:10:00","发电机驱动端轴承温升异常"
"英图风电场","xoyzYv2u","#050","X39uvVed","英图Ⅱ期","4W6Awgb2","2024-05-26 00:00:00","2024-05-26 23:50:00","发电机驱动端轴承温升异常"
"英图风电场","xoyzYv2u","#050","X39uvVed","英图Ⅱ期","4W6Awgb2","2024-05-25 00:00:00","2024-05-25 23:50:00","发电机驱动端轴承温升异常"
"英图风电场","xoyzYv2u","#050","X39uvVed","英图Ⅱ期","4W6Awgb2","2024-05-24 02:20:00","2024-05-24 23:50:00","发电机驱动端轴承温升异常"
"英图风电场","xoyzYv2u","#050","X39uvVed","英图Ⅱ期","4W6Awgb2","2024-05-23 06:50:00","2024-05-23 23:00:00","发电机驱动端轴承温升异常"
"英图风电场","xoyzYv2u","#050","X39uvVed","英图Ⅱ期","4W6Awgb2","2024-05-22 00:00:00","2024-05-22 22:20:00","发电机驱动端轴承温升异常"
"英图风电场","xoyzYv2u","#050","X39uvVed","英图Ⅱ期","4W6Awgb2","2024-05-21 00:00:00","2024-05-21 23:50:00","发电机驱动端轴承温升异常"
"英图风电场","xoyzYv2u","#050","X39uvVed","英图Ⅱ期","4W6Awgb2","2024-05-20 00:20:00","2024-05-20 23:50:00","发电机驱动端轴承温升异常"
"英图风电场","xoyzYv2u","#050","X39uvVed","英图Ⅱ期","4W6Awgb2","2024-05-19 00:00:00","2024-05-19 20:20:00","发电机驱动端轴承温升异常"
"英图风电场","xoyzYv2u","#050","X39uvVed","英图Ⅱ期","4W6Awgb2","2024-05-18 00:00:00","2024-05-18 07:40:00","发电机驱动端轴承温升异常"
"英图风电场","xoyzYv2u","#050","X39uvVed","英图Ⅱ期","4W6Awgb2","2024-05-17 00:00:00","2024-05-17 23:50:00","发电机驱动端轴承温升异常"
"英图风电场","xoyzYv2u","#050","X39uvVed","英图Ⅱ期","4W6Awgb2","2024-05-16 00:00:00","2024-05-16 23:50:00","发电机驱动端轴承温升异常"
"英图风电场","xoyzYv2u","#050","X39uvVed","英图Ⅱ期","4W6Awgb2","2024-05-15 00:00:00","2024-05-15 23:50:00","发电机驱动端轴承温升异常"
"英图风电场","xoyzYv2u","#050","X39uvVed","英图Ⅱ期","4W6Awgb2","2024-05-14 00:40:00","2024-05-14 23:50:00","发电机驱动端轴承温升异常"
"英图风电场","xoyzYv2u","#050","X39uvVed","英图Ⅱ期","4W6Awgb2","2024-05-13 04:10:00","2024-05-13 17:20:00","发电机驱动端轴承温升异常"
"英图风电场","xoyzYv2u","#050","X39uvVed","英图Ⅱ期","4W6Awgb2","2024-05-12 00:00:00","2024-05-12 19:50:00","发电机驱动端轴承温升异常"
"英图风电场","xoyzYv2u","#050","X39uvVed","英图Ⅱ期","4W6Awgb2","2024-05-11 00:40:00","2024-05-11 23:50:00","发电机驱动端轴承温升异常"
"英图风电场","xoyzYv2u","#050","X39uvVed","英图Ⅱ期","4W6Awgb2","2024-05-10 01:10:00","2024-05-10 21:20:00","发电机驱动端轴承温升异常"
"英图风电场","xoyzYv2u","#050","X39uvVed","英图Ⅱ期","4W6Awgb2","2024-05-09 00:00:00","2024-05-09 22:00:00","发电机驱动端轴承温升异常"
"英图风电场","xoyzYv2u","#050","X39uvVed","英图Ⅱ期","4W6Awgb2","2024-05-07 17:10:00","2024-05-07 19:40:00","发电机驱动端轴承温升异常"
"英图风电场","xoyzYv2u","#050","X39uvVed","英图Ⅱ期","4W6Awgb2","2024-05-06 14:00:00","2024-05-06 19:40:00","发电机驱动端轴承温升异常"
"英图风电场","xoyzYv2u","#050","X39uvVed","英图Ⅱ期","4W6Awgb2","2024-05-04 00:00:00","2024-05-04 02:20:00","发电机驱动端轴承温升异常"
"英图风电场","xoyzYv2u","#050","X39uvVed","英图Ⅱ期","4W6Awgb2","2024-05-03 00:00:00","2024-05-03 23:50:00","发电机驱动端轴承温升异常"
"英图风电场","xoyzYv2u","#050","X39uvVed","英图Ⅱ期","4W6Awgb2","2024-05-02 18:50:00","2024-05-02 23:50:00","发电机驱动端轴承温升异常"
"英图风电场","xoyzYv2u","#050","X39uvVed","英图Ⅱ期","4W6Awgb2","2024-04-29 07:10:00","2024-04-29 19:50:00","发电机驱动端轴承温升异常"
"英图风电场","xoyzYv2u","#050","X39uvVed","英图Ⅱ期","4W6Awgb2","2024-04-28 05:30:00","2024-04-28 09:10:00","发电机驱动端轴承温升异常"
"英图风电场","xoyzYv2u","#050","X39uvVed","英图Ⅱ期","4W6Awgb2","2024-04-27 00:20:00","2024-04-27 22:10:00","发电机驱动端轴承温升异常"
"英图风电场","xoyzYv2u","#050","X39uvVed","英图Ⅱ期","4W6Awgb2","2024-04-26 12:50:00","2024-04-26 23:40:00","发电机驱动端轴承温升异常"
"英图风电场","xoyzYv2u","#050","X39uvVed","英图Ⅱ期","4W6Awgb2","2024-08-12 00:00:00","2024-08-12 01:40:00","发电机驱动端轴承温度异常"
"英图风电场","xoyzYv2u","#050","X39uvVed","英图Ⅱ期","4W6Awgb2","2024-08-11 08:00:00","2024-08-11 23:50:00","发电机驱动端轴承温度异常"
"英图风电场","xoyzYv2u","#050","X39uvVed","英图Ⅱ期","4W6Awgb2","2024-08-10 15:50:00","2024-08-10 21:10:00","发电机驱动端轴承温度异常"
"英图风电场","xoyzYv2u","#050","X39uvVed","英图Ⅱ期","4W6Awgb2","2024-08-09 14:40:00","2024-08-09 20:40:00","发电机驱动端轴承温度异常"
"英图风电场","xoyzYv2u","#050","X39uvVed","英图Ⅱ期","4W6Awgb2","2024-07-18 00:10:00","2024-07-18 10:30:00","发电机驱动端轴承温度异常"
"英图风电场","xoyzYv2u","#050","X39uvVed","英图Ⅱ期","4W6Awgb2","2024-07-17 19:20:00","2024-07-17 23:40:00","发电机驱动端轴承温度异常"
"英图风电场","xoyzYv2u","#050","X39uvVed","英图Ⅱ期","4W6Awgb2","2024-07-16 00:00:00","2024-07-16 19:30:00","发电机驱动端轴承温度异常"
"英图风电场","xoyzYv2u","#050","X39uvVed","英图Ⅱ期","4W6Awgb2","2024-07-15 00:00:00","2024-07-15 23:50:00","发电机驱动端轴承温度异常"
"英图风电场","xoyzYv2u","#050","X39uvVed","英图Ⅱ期","4W6Awgb2","2024-07-14 18:50:00","2024-07-14 23:50:00","发电机驱动端轴承温度异常"
"英图风电场","xoyzYv2u","#050","X39uvVed","英图Ⅱ期","4W6Awgb2","2024-07-03 10:00:00","2024-07-03 10:20:00","发电机驱动端轴承温度异常"
"英图风电场","xoyzYv2u","#050","X39uvVed","英图Ⅱ期","4W6Awgb2","2024-06-24 10:40:00","2024-06-24 11:10:00","发电机驱动端轴承温度异常"
"英图风电场","xoyzYv2u","#050","X39uvVed","英图Ⅱ期","4W6Awgb2","2024-06-23 01:00:00","2024-06-23 20:20:00","发电机驱动端轴承温度异常"
"英图风电场","xoyzYv2u","#050","X39uvVed","英图Ⅱ期","4W6Awgb2","2024-06-22 05:50:00","2024-06-22 21:50:00","发电机驱动端轴承温度异常"
"英图风电场","xoyzYv2u","#050","X39uvVed","英图Ⅱ期","4W6Awgb2","2024-06-21 00:00:00","2024-06-21 22:30:00","发电机驱动端轴承温度异常"
"英图风电场","xoyzYv2u","#050","X39uvVed","英图Ⅱ期","4W6Awgb2","2024-06-20 00:00:00","2024-06-20 23:50:00","发电机驱动端轴承温度异常"
"英图风电场","xoyzYv2u","#050","X39uvVed","英图Ⅱ期","4W6Awgb2","2024-06-19 12:20:00","2024-06-19 23:50:00","发电机驱动端轴承温度异常"
"英图风电场","xoyzYv2u","#050","X39uvVed","英图Ⅱ期","4W6Awgb2","2024-06-18 16:50:00","2024-06-18 19:20:00","发电机驱动端轴承温度异常"
"英图风电场","xoyzYv2u","#050","X39uvVed","英图Ⅱ期","4W6Awgb2","2024-06-14 13:10:00","2024-06-14 21:10:00","发电机驱动端轴承温度异常"
"英图风电场","xoyzYv2u","#050","X39uvVed","英图Ⅱ期","4W6Awgb2","2024-06-13 09:10:00","2024-06-13 19:30:00","发电机驱动端轴承温度异常"
"英图风电场","xoyzYv2u","#050","X39uvVed","英图Ⅱ期","4W6Awgb2","2024-06-12 14:00:00","2024-06-12 22:30:00","发电机驱动端轴承温度异常"
"英图风电场","xoyzYv2u","#050","X39uvVed","英图Ⅱ期","4W6Awgb2","2024-06-11 00:00:00","2024-06-11 18:00:00","发电机驱动端轴承温度异常"
"英图风电场","xoyzYv2u","#050","X39uvVed","英图Ⅱ期","4W6Awgb2","2024-06-10 00:00:00","2024-06-10 23:50:00","发电机驱动端轴承温度异常"
"英图风电场","xoyzYv2u","#050","X39uvVed","英图Ⅱ期","4W6Awgb2","2024-06-09 20:10:00","2024-06-09 23:50:00","发电机驱动端轴承温度异常"
"英图风电场","xoyzYv2u","#050","X39uvVed","英图Ⅱ期","4W6Awgb2","2024-06-08 09:30:00","2024-06-08 20:40:00","发电机驱动端轴承温度异常"
"英图风电场","xoyzYv2u","#050","X39uvVed","英图Ⅱ期","4W6Awgb2","2024-06-07 18:30:00","2024-06-07 22:40:00","发电机驱动端轴承温度异常"
"英图风电场","xoyzYv2u","#050","X39uvVed","英图Ⅱ期","4W6Awgb2","2024-06-06 00:00:00","2024-06-06 03:30:00","发电机驱动端轴承温度异常"
"英图风电场","xoyzYv2u","#050","X39uvVed","英图Ⅱ期","4W6Awgb2","2024-06-05 09:40:00","2024-06-05 23:50:00","发电机驱动端轴承温度异常"
"英图风电场","xoyzYv2u","#050","X39uvVed","英图Ⅱ期","4W6Awgb2","2024-06-04 05:30:00","2024-06-04 23:50:00","发电机驱动端轴承温度异常"
"英图风电场","xoyzYv2u","#050","X39uvVed","英图Ⅱ期","4W6Awgb2","2024-05-31 12:50:00","2024-05-31 14:00:00","发电机驱动端轴承温度异常"
"英图风电场","xoyzYv2u","#050","X39uvVed","英图Ⅱ期","4W6Awgb2","2024-05-30 12:30:00","2024-05-30 23:50:00","发电机驱动端轴承温度异常"
"英图风电场","xoyzYv2u","#050","X39uvVed","英图Ⅱ期","4W6Awgb2","2024-05-29 00:00:00","2024-05-29 15:20:00","发电机驱动端轴承温度异常"
"英图风电场","xoyzYv2u","#050","X39uvVed","英图Ⅱ期","4W6Awgb2","2024-05-28 18:00:00","2024-05-28 23:50:00","发电机驱动端轴承温度异常"
"英图风电场","xoyzYv2u","#050","X39uvVed","英图Ⅱ期","4W6Awgb2","2024-05-27 00:00:00","2024-05-27 02:20:00","发电机驱动端轴承温度异常"
"英图风电场","xoyzYv2u","#050","X39uvVed","英图Ⅱ期","4W6Awgb2","2024-05-26 00:00:00","2024-05-26 23:50:00","发电机驱动端轴承温度异常"
"英图风电场","xoyzYv2u","#050","X39uvVed","英图Ⅱ期","4W6Awgb2","2024-05-25 00:00:00","2024-05-25 23:50:00","发电机驱动端轴承温度异常"
"英图风电场","xoyzYv2u","#050","X39uvVed","英图Ⅱ期","4W6Awgb2","2024-05-24 13:30:00","2024-05-24 23:50:00","发电机驱动端轴承温度异常"
"英图风电场","xoyzYv2u","#050","X39uvVed","英图Ⅱ期","4W6Awgb2","2024-05-22 00:00:00","2024-05-22 23:50:00","发电机驱动端轴承温度异常"
"英图风电场","xoyzYv2u","#050","X39uvVed","英图Ⅱ期","4W6Awgb2","2024-05-21 00:00:00","2024-05-21 23:50:00","发电机驱动端轴承温度异常"
"英图风电场","xoyzYv2u","#050","X39uvVed","英图Ⅱ期","4W6Awgb2","2024-05-20 22:30:00","2024-05-20 23:50:00","发电机驱动端轴承温度异常"
"英图风电场","xoyzYv2u","#050","X39uvVed","英图Ⅱ期","4W6Awgb2","2024-05-19 00:50:00","2024-05-19 15:40:00","发电机驱动端轴承温度异常"
"英图风电场","xoyzYv2u","#050","X39uvVed","英图Ⅱ期","4W6Awgb2","2024-05-18 00:00:00","2024-05-18 02:30:00","发电机驱动端轴承温度异常"
"英图风电场","xoyzYv2u","#050","X39uvVed","英图Ⅱ期","4W6Awgb2","2024-05-16 11:50:00","2024-05-16 23:30:00","发电机驱动端轴承温度异常"
"英图风电场","xoyzYv2u","#050","X39uvVed","英图Ⅱ期","4W6Awgb2","2024-05-15 00:00:00","2024-05-15 03:10:00","发电机驱动端轴承温度异常"
"英图风电场","xoyzYv2u","#050","X39uvVed","英图Ⅱ期","4W6Awgb2","2024-05-14 00:20:00","2024-05-14 23:50:00","发电机驱动端轴承温度异常"
"英图风电场","xoyzYv2u","#050","X39uvVed","英图Ⅱ期","4W6Awgb2","2024-05-13 11:30:00","2024-05-13 20:30:00","发电机驱动端轴承温度异常"
"英图风电场","xoyzYv2u","#050","X39uvVed","英图Ⅱ期","4W6Awgb2","2024-05-11 00:00:00","2024-05-11 23:50:00","发电机驱动端轴承温度异常"
"英图风电场","xoyzYv2u","#050","X39uvVed","英图Ⅱ期","4W6Awgb2","2024-05-10 01:40:00","2024-05-10 23:50:00","发电机驱动端轴承温度异常"
"英图风电场","xoyzYv2u","#050","X39uvVed","英图Ⅱ期","4W6Awgb2","2024-05-09 11:00:00","2024-05-09 17:40:00","发电机驱动端轴承温度异常"
"英图风电场","xoyzYv2u","#050","X39uvVed","英图Ⅱ期","4W6Awgb2","2024-05-06 17:40:00","2024-05-06 19:20:00","发电机驱动端轴承温度异常"
"英图风电场","xoyzYv2u","#050","X39uvVed","英图Ⅱ期","4W6Awgb2","2024-05-04 00:00:00","2024-05-04 01:00:00","发电机驱动端轴承温度异常"
"英图风电场","xoyzYv2u","#050","X39uvVed","英图Ⅱ期","4W6Awgb2","2024-05-03 00:00:00","2024-05-03 00:20:00","发电机驱动端轴承温度异常"
"英图风电场","xoyzYv2u","#050","X39uvVed","英图Ⅱ期","4W6Awgb2","2024-05-02 21:40:00","2024-05-02 23:50:00","发电机驱动端轴承温度异常"
"英图风电场","xoyzYv2u","#050","X39uvVed","英图Ⅱ期","4W6Awgb2","2024-04-29 09:40:00","2024-04-29 18:50:00","发电机驱动端轴承温度异常"
"英图风电场","xoyzYv2u","#050","X39uvVed","英图Ⅱ期","4W6Awgb2","2024-04-28 06:20:00","2024-04-28 07:40:00","发电机驱动端轴承温度异常"
"英图风电场","xoyzYv2u","#050","X39uvVed","英图Ⅱ期","4W6Awgb2","2024-04-27 00:00:00","2024-04-27 22:50:00","发电机驱动端轴承温度异常"
"魁通沟风电场","1a650d6562800000","#042","1a67a9521f000000","魁通沟Ⅰ期","1a650d6564800000","2024-04-25 14:30:00","2024-04-25 18:50:00","发电机非驱动端轴承温度异常"
"望海风电场","HwQOuWzt","A07","rD4E4lNz","望海风电场","3Vymz9CG","2024-06-23 15:30:00","2024-06-23 16:50:00","发电机非驱动端轴承温度异常"
"望海风电场","HwQOuWzt","A07","rD4E4lNz","望海风电场","3Vymz9CG","2024-07-06 00:00:00","2024-07-06 01:50:00","发电机非驱动端轴承温度异常"
"望海风电场","HwQOuWzt","A07","rD4E4lNz","望海风电场","3Vymz9CG","2024-07-05 22:10:00","2024-07-05 23:50:00","发电机非驱动端轴承温度异常"
"魁通沟风电场","1a650d6562800000","#008","1a67a951e5002000","魁通沟Ⅰ期","1a650d6564800000","2024-08-11 19:50:00","2024-08-11 21:00:00","发电机非驱动端轴承温升异常"
"魁通沟风电场","1a650d6562800000","#008","1a67a951e5002000","魁通沟Ⅰ期","1a650d6564800000","2024-08-11 20:10:00","2024-08-11 20:30:00","发电机非驱动端轴承温度异常"
"魁通沟风电场","1a650d6562800000","#043","1a67a95221002000","魁通沟Ⅰ期","1a650d6564800000","2024-08-30 05:00:00","2024-08-30 06:00:00","发电机非驱动端轴承温度异常"
"魁通沟风电场","1a650d6562800000","#043","1a67a95221002000","魁通沟Ⅰ期","1a650d6564800000","2024-08-30 04:30:00","2024-08-30 06:20:00","发电机非驱动端轴承温升异常"
"魁通沟风电场","1a650d6562800000","#043","1a67a95221002000","魁通沟Ⅰ期","1a650d6564800000","2024-05-22 10:20:00","2024-05-22 11:40:00","发电机非驱动端轴承温升异常"
"望海风电场","HwQOuWzt","A14","SFPL2BQh","望海风电场","3Vymz9CG","2024-05-10 22:40:00","2024-05-10 23:40:00","发电机非驱动端轴承温升异常"
"望海风电场","HwQOuWzt","A14","SFPL2BQh","望海风电场","3Vymz9CG","2024-07-06 00:00:00","2024-07-06 02:20:00","发电机非驱动端轴承温度异常"
"望海风电场","HwQOuWzt","A14","SFPL2BQh","望海风电场","3Vymz9CG","2024-06-23 16:20:00","2024-06-23 17:40:00","发电机非驱动端轴承温度异常"
"望海风电场","HwQOuWzt","A14","SFPL2BQh","望海风电场","3Vymz9CG","2024-06-14 18:00:00","2024-06-14 20:20:00","发电机非驱动端轴承温度异常"
"望海风电场","HwQOuWzt","A14","SFPL2BQh","望海风电场","3Vymz9CG","2024-06-13 19:20:00","2024-06-13 20:50:00","发电机非驱动端轴承温度异常"
"望海风电场","HwQOuWzt","A14","SFPL2BQh","望海风电场","3Vymz9CG","2024-06-11 20:40:00","2024-06-11 21:30:00","发电机非驱动端轴承温度异常"
"望海风电场","HwQOuWzt","A14","SFPL2BQh","望海风电场","3Vymz9CG","2024-05-31 20:50:00","2024-05-31 21:50:00","发电机非驱动端轴承温度异常"
"望海风电场","HwQOuWzt","A14","SFPL2BQh","望海风电场","3Vymz9CG","2024-07-17 03:00:00","2024-07-17 04:10:00","发电机非驱动端轴承温升异常"
"望海风电场","HwQOuWzt","A14","SFPL2BQh","望海风电场","3Vymz9CG","2024-06-14 00:00:00","2024-06-14 20:30:00","发电机非驱动端轴承温升异常"
"望海风电场","HwQOuWzt","A14","SFPL2BQh","望海风电场","3Vymz9CG","2024-06-13 00:00:00","2024-06-13 23:50:00","发电机非驱动端轴承温升异常"
"望海风电场","HwQOuWzt","A14","SFPL2BQh","望海风电场","3Vymz9CG","2024-06-12 00:00:00","2024-06-12 23:50:00","发电机非驱动端轴承温升异常"
"望海风电场","HwQOuWzt","A14","SFPL2BQh","望海风电场","3Vymz9CG","2024-06-11 20:00:00","2024-06-11 23:50:00","发电机非驱动端轴承温升异常"
"望海风电场","HwQOuWzt","A14","SFPL2BQh","望海风电场","3Vymz9CG","2024-05-31 19:20:00","2024-05-31 23:10:00","发电机非驱动端轴承温升异常"
"望海风电场","HwQOuWzt","A14","SFPL2BQh","望海风电场","3Vymz9CG","2024-05-19 00:00:00","2024-05-19 01:00:00","发电机非驱动端轴承温升异常"
"望海风电场","HwQOuWzt","A14","SFPL2BQh","望海风电场","3Vymz9CG","2024-05-18 21:40:00","2024-05-18 23:50:00","发电机非驱动端轴承温升异常"
"魁通沟风电场","1a650d6562800000","#002","1a67a951da802000","魁通沟Ⅰ期","1a650d6564800000","2024-04-25 15:50:00","2024-04-25 18:40:00","发电机非驱动端轴承温度异常"
"魁通沟风电场","1a650d6562800000","#031","1a67a9520b000000","魁通沟Ⅰ期","1a650d6564800000","2024-04-25 15:20:00","2024-04-25 18:20:00","发电机非驱动端轴承温度异常"
"魁通沟风电场","1a650d6562800000","#031","1a67a9520b000000","魁通沟Ⅰ期","1a650d6564800000","2024-06-11 06:50:00","2024-06-11 07:50:00","发电机非驱动端轴承温度异常"
"英图风电场","xoyzYv2u","#130","G4l6Ai4T","英图Ⅲ期","ufPXJ9G7","2024-05-02 00:00:00","2024-05-02 23:50:00","发电机非驱动端轴承温升异常"
"英图风电场","xoyzYv2u","#130","G4l6Ai4T","英图Ⅲ期","ufPXJ9G7","2024-06-13 10:10:00","2024-06-13 10:40:00","发电机非驱动端轴承温度异常"
"英图风电场","xoyzYv2u","#130","G4l6Ai4T","英图Ⅲ期","ufPXJ9G7","2024-06-11 14:20:00","2024-06-11 16:10:00","发电机非驱动端轴承温度异常"
"英图风电场","xoyzYv2u","#130","G4l6Ai4T","英图Ⅲ期","ufPXJ9G7","2024-06-10 12:50:00","2024-06-10 19:00:00","发电机非驱动端轴承温度异常"
"英图风电场","xoyzYv2u","#130","G4l6Ai4T","英图Ⅲ期","ufPXJ9G7","2024-06-08 09:40:00","2024-06-08 13:20:00","发电机非驱动端轴承温度异常"
"英图风电场","xoyzYv2u","#130","G4l6Ai4T","英图Ⅲ期","ufPXJ9G7","2024-06-07 19:40:00","2024-06-07 21:20:00","发电机非驱动端轴承温度异常"
"英图风电场","xoyzYv2u","#130","G4l6Ai4T","英图Ⅲ期","ufPXJ9G7","2024-06-05 12:00:00","2024-06-05 15:50:00","发电机非驱动端轴承温度异常"
"英图风电场","xoyzYv2u","#130","G4l6Ai4T","英图Ⅲ期","ufPXJ9G7","2024-05-30 10:30:00","2024-05-30 21:40:00","发电机非驱动端轴承温度异常"
"英图风电场","xoyzYv2u","#130","G4l6Ai4T","英图Ⅲ期","ufPXJ9G7","2024-05-29 13:10:00","2024-05-29 15:00:00","发电机非驱动端轴承温度异常"
"英图风电场","xoyzYv2u","#130","G4l6Ai4T","英图Ⅲ期","ufPXJ9G7","2024-05-28 20:20:00","2024-05-28 23:50:00","发电机非驱动端轴承温度异常"
"英图风电场","xoyzYv2u","#130","G4l6Ai4T","英图Ⅲ期","ufPXJ9G7","2024-05-26 00:00:00","2024-05-26 19:40:00","发电机非驱动端轴承温度异常"
"英图风电场","xoyzYv2u","#130","G4l6Ai4T","英图Ⅲ期","ufPXJ9G7","2024-05-25 20:50:00","2024-05-25 23:50:00","发电机非驱动端轴承温度异常"
"英图风电场","xoyzYv2u","#130","G4l6Ai4T","英图Ⅲ期","ufPXJ9G7","2024-05-24 15:50:00","2024-05-24 18:10:00","发电机非驱动端轴承温度异常"
"英图风电场","xoyzYv2u","#130","G4l6Ai4T","英图Ⅲ期","ufPXJ9G7","2024-05-22 17:10:00","2024-05-22 18:10:00","发电机非驱动端轴承温度异常"
"英图风电场","xoyzYv2u","#130","G4l6Ai4T","英图Ⅲ期","ufPXJ9G7","2024-05-19 05:10:00","2024-05-19 08:50:00","发电机非驱动端轴承温度异常"
"英图风电场","xoyzYv2u","#130","G4l6Ai4T","英图Ⅲ期","ufPXJ9G7","2024-05-16 13:20:00","2024-05-16 20:00:00","发电机非驱动端轴承温度异常"
"英图风电场","xoyzYv2u","#130","G4l6Ai4T","英图Ⅲ期","ufPXJ9G7","2024-05-14 00:00:00","2024-05-14 23:00:00","发电机非驱动端轴承温度异常"
"英图风电场","xoyzYv2u","#130","G4l6Ai4T","英图Ⅲ期","ufPXJ9G7","2024-05-13 14:10:00","2024-05-13 23:50:00","发电机非驱动端轴承温度异常"
"英图风电场","xoyzYv2u","#130","G4l6Ai4T","英图Ⅲ期","ufPXJ9G7","2024-05-11 00:00:00","2024-05-11 21:20:00","发电机非驱动端轴承温度异常"
"英图风电场","xoyzYv2u","#130","G4l6Ai4T","英图Ⅲ期","ufPXJ9G7","2024-05-10 03:50:00","2024-05-10 23:50:00","发电机非驱动端轴承温度异常"
"英图风电场","xoyzYv2u","#130","G4l6Ai4T","英图Ⅲ期","ufPXJ9G7","2024-05-09 12:50:00","2024-05-09 16:30:00","发电机非驱动端轴承温度异常"
"英图风电场","xoyzYv2u","#130","G4l6Ai4T","英图Ⅲ期","ufPXJ9G7","2024-05-02 00:20:00","2024-05-02 23:50:00","发电机非驱动端轴承温度异常"
"英图风电场","xoyzYv2u","#130","G4l6Ai4T","英图Ⅲ期","ufPXJ9G7","2024-06-11 14:20:00","2024-06-11 16:10:00","发电机非驱动端轴承温升异常"
"英图风电场","xoyzYv2u","#130","G4l6Ai4T","英图Ⅲ期","ufPXJ9G7","2024-06-08 09:30:00","2024-06-08 12:50:00","发电机非驱动端轴承温升异常"
"英图风电场","xoyzYv2u","#130","G4l6Ai4T","英图Ⅲ期","ufPXJ9G7","2024-06-07 19:20:00","2024-06-07 21:20:00","发电机非驱动端轴承温升异常"
"英图风电场","xoyzYv2u","#130","G4l6Ai4T","英图Ⅲ期","ufPXJ9G7","2024-06-05 12:00:00","2024-06-05 14:40:00","发电机非驱动端轴承温升异常"
"英图风电场","xoyzYv2u","#130","G4l6Ai4T","英图Ⅲ期","ufPXJ9G7","2024-05-30 08:00:00","2024-05-30 21:40:00","发电机非驱动端轴承温升异常"
"英图风电场","xoyzYv2u","#130","G4l6Ai4T","英图Ⅲ期","ufPXJ9G7","2024-05-29 00:00:00","2024-05-29 15:00:00","发电机非驱动端轴承温升异常"
"英图风电场","xoyzYv2u","#130","G4l6Ai4T","英图Ⅲ期","ufPXJ9G7","2024-05-28 20:10:00","2024-05-28 23:50:00","发电机非驱动端轴承温升异常"
"英图风电场","xoyzYv2u","#130","G4l6Ai4T","英图Ⅲ期","ufPXJ9G7","2024-05-26 00:00:00","2024-05-26 19:40:00","发电机非驱动端轴承温升异常"
"英图风电场","xoyzYv2u","#130","G4l6Ai4T","英图Ⅲ期","ufPXJ9G7","2024-05-25 20:40:00","2024-05-25 23:50:00","发电机非驱动端轴承温升异常"
"英图风电场","xoyzYv2u","#130","G4l6Ai4T","英图Ⅲ期","ufPXJ9G7","2024-05-24 15:40:00","2024-05-24 18:10:00","发电机非驱动端轴承温升异常"
"英图风电场","xoyzYv2u","#130","G4l6Ai4T","英图Ⅲ期","ufPXJ9G7","2024-05-22 16:10:00","2024-05-22 18:00:00","发电机非驱动端轴承温升异常"
"英图风电场","xoyzYv2u","#130","G4l6Ai4T","英图Ⅲ期","ufPXJ9G7","2024-05-19 05:00:00","2024-05-19 09:00:00","发电机非驱动端轴承温升异常"
"英图风电场","xoyzYv2u","#130","G4l6Ai4T","英图Ⅲ期","ufPXJ9G7","2024-05-16 13:10:00","2024-05-16 19:30:00","发电机非驱动端轴承温升异常"
"英图风电场","xoyzYv2u","#130","G4l6Ai4T","英图Ⅲ期","ufPXJ9G7","2024-05-14 00:00:00","2024-05-14 22:50:00","发电机非驱动端轴承温升异常"
"英图风电场","xoyzYv2u","#130","G4l6Ai4T","英图Ⅲ期","ufPXJ9G7","2024-05-13 14:00:00","2024-05-13 23:50:00","发电机非驱动端轴承温升异常"
"英图风电场","xoyzYv2u","#130","G4l6Ai4T","英图Ⅲ期","ufPXJ9G7","2024-05-11 00:00:00","2024-05-11 21:20:00","发电机非驱动端轴承温升异常"
"英图风电场","xoyzYv2u","#130","G4l6Ai4T","英图Ⅲ期","ufPXJ9G7","2024-05-10 03:40:00","2024-05-10 23:50:00","发电机非驱动端轴承温升异常"
"英图风电场","xoyzYv2u","#130","G4l6Ai4T","英图Ⅲ期","ufPXJ9G7","2024-05-09 12:50:00","2024-05-09 16:30:00","发电机非驱动端轴承温升异常"
"魁通沟风电场","1a650d6562800000","#056","1a67a95236800000","魁通沟Ⅰ期","1a650d6564800000","2024-06-10 09:00:00","2024-06-10 10:00:00","发电机非驱动端轴承温升异常"
"魁通沟风电场","1a650d6562800000","#020","1a67a951f8802000","魁通沟Ⅰ期","1a650d6564800000","2024-04-25 15:30:00","2024-04-25 16:50:00","发电机非驱动端轴承温度异常"
"魁通沟风电场","1a650d6562800000","#054","1a67a95233000000","魁通沟Ⅰ期","1a650d6564800000","2024-06-11 07:30:00","2024-06-11 07:50:00","发电机非驱动端轴承温度异常"
"望海风电场","HwQOuWzt","A08","1c7neIrX","望海风电场","3Vymz9CG","2024-01-14 00:40:00","2024-01-14 01:50:00","发电机非驱动端轴承温升异常"
"望海风电场","HwQOuWzt","A08","1c7neIrX","望海风电场","3Vymz9CG","2024-06-23 17:10:00","2024-06-23 18:10:00","发电机非驱动端轴承温度异常"
"望海风电场","HwQOuWzt","A16","nrFPg0F8","望海风电场","3Vymz9CG","2024-06-23 18:20:00","2024-06-23 21:30:00","发电机非驱动端轴承温度异常"
"望海风电场","HwQOuWzt","A16","nrFPg0F8","望海风电场","3Vymz9CG","2024-06-10 00:50:00","2024-06-10 04:00:00","发电机非驱动端轴承温度异常"
"望海风电场","HwQOuWzt","A16","nrFPg0F8","望海风电场","3Vymz9CG","2024-07-23 06:30:00","2024-07-23 08:50:00","发电机非驱动端轴承温升异常"
"望海风电场","HwQOuWzt","A16","nrFPg0F8","望海风电场","3Vymz9CG","2024-06-23 05:50:00","2024-06-23 08:00:00","发电机非驱动端轴承温升异常"
"望海风电场","HwQOuWzt","A16","nrFPg0F8","望海风电场","3Vymz9CG","2024-06-11 03:30:00","2024-06-11 05:20:00","发电机非驱动端轴承温升异常"
"望海风电场","HwQOuWzt","A16","nrFPg0F8","望海风电场","3Vymz9CG","2024-06-10 00:10:00","2024-06-10 04:50:00","发电机非驱动端轴承温升异常"
"望海风电场","HwQOuWzt","A16","nrFPg0F8","望海风电场","3Vymz9CG","2024-06-03 03:30:00","2024-06-03 05:00:00","发电机非驱动端轴承温升异常"
"望海风电场","HwQOuWzt","A16","nrFPg0F8","望海风电场","3Vymz9CG","2024-05-18 02:20:00","2024-05-18 06:10:00","发电机非驱动端轴承温升异常"
"望海风电场","HwQOuWzt","A17","RfliDEDI","望海风电场","3Vymz9CG","2024-09-05 15:10:00","2024-09-05 21:50:00","发电机非驱动端轴承温升异常"
"望海风电场","HwQOuWzt","A17","RfliDEDI","望海风电场","3Vymz9CG","2024-09-05 18:30:00","2024-09-05 19:00:00","发电机非驱动端轴承温度异常"
"魁通沟风电场","1a650d6562800000","#017","1a67a951f3802000","魁通沟Ⅰ期","1a650d6564800000","2024-09-09 17:30:00","2024-09-09 19:00:00","发电机非驱动端轴承温升异常"
"魁通沟风电场","1a650d6562800000","#014","1a67a951ee802000","魁通沟Ⅰ期","1a650d6564800000","2024-09-13 12:20:00","2024-09-13 13:00:00","发电机驱动端轴承温度异常"
"魁通沟风电场","1a650d6562800000","#014","1a67a951ee802000","魁通沟Ⅰ期","1a650d6564800000","2024-09-13 11:50:00","2024-09-13 13:10:00","发电机驱动端轴承温升异常"
"魁通沟风电场","1a650d6562800000","#070","1a67a9524e800000","魁通沟Ⅰ期","1a650d6564800000","2024-09-13 00:00:00","2024-09-13 09:40:00","发电机非驱动端轴承温升异常"
"魁通沟风电场","1a650d6562800000","#070","1a67a9524e800000","魁通沟Ⅰ期","1a650d6564800000","2024-09-13 00:20:00","2024-09-13 08:30:00","发电机非驱动端轴承温度异常"
"魁通沟风电场","1a650d6562800000","#069","1a67a9524c800000","魁通沟Ⅰ期","1a650d6564800000","2024-09-13 00:40:00","2024-09-13 17:20:00","发电机非驱动端轴承温升异常"
"魁通沟风电场","1a650d6562800000","#069","1a67a9524c800000","魁通沟Ⅰ期","1a650d6564800000","2024-09-13 09:30:00","2024-09-13 16:40:00","发电机非驱动端轴承温度异常"
"望海风电场","HwQOuWzt","A17","RfliDEDI","望海风电场","3Vymz9CG","2024-09-14 14:20:00","2024-09-14 18:30:00","发电机非驱动端轴承温升异常"
"望海风电场","HwQOuWzt","A17","RfliDEDI","望海风电场","3Vymz9CG","2024-09-21 10:00:00","2024-09-21 12:00:00","发电机非驱动端轴承温升异常"
"望海风电场","HwQOuWzt","A17","RfliDEDI","望海风电场","3Vymz9CG","2024-09-21 10:20:00","2024-09-21 12:10:00","发电机非驱动端轴承温度异常"
"魁通沟风电场","1a650d6562800000","#064","1a67a95244802000","魁通沟Ⅰ期","1a650d6564800000","2024-10-01 13:50:00","2024-10-01 16:10:00","发电机驱动端轴承温度异常"
"魁通沟风电场","1a650d6562800000","#064","1a67a95244802000","魁通沟Ⅰ期","1a650d6564800000","2024-10-01 13:00:00","2024-10-01 16:30:00","发电机驱动端轴承温升异常"
"魁通沟风电场","1a650d6562800000","#058","1a67a95239800000","魁通沟Ⅰ期","1a650d6564800000","2024-10-01 14:50:00","2024-10-01 21:10:00","发电机非驱动端轴承温升异常"
"魁通沟风电场","1a650d6562800000","#058","1a67a95239800000","魁通沟Ⅰ期","1a650d6564800000","2024-10-01 14:10:00","2024-10-01 21:40:00","发电机驱动端轴承温升异常"
"魁通沟风电场","1a650d6562800000","#058","1a67a95239800000","魁通沟Ⅰ期","1a650d6564800000","2024-10-01 15:00:00","2024-10-01 21:20:00","发电机驱动端轴承温度异常"
"昆头岭风电场","b7a5qrac","#79","c96wRoPU","昆头岭Ⅲ期","VNyTeDEw","2024-10-04 02:20:00","2024-10-04 23:50:00","发电机非驱动端轴承温升异常"
"昆头岭风电场","b7a5qrac","#79","c96wRoPU","昆头岭Ⅲ期","VNyTeDEw","2024-10-05 00:10:00","2024-10-05 01:20:00","发电机非驱动端轴承温升异常"
"英图风电场","xoyzYv2u","#050","X39uvVed","英图Ⅱ期","4W6Awgb2","2024-10-06 14:50:00","2024-10-06 18:30:00","发电机非驱动端轴承温升异常"
"昆头岭风电场","b7a5qrac","#79","c96wRoPU","昆头岭Ⅲ期","VNyTeDEw","2024-10-07 19:00:00","2024-10-07 23:20:00","发电机非驱动端轴承温升异常"
"英图风电场","xoyzYv2u","#116","caB9uXxy","英图Ⅲ期","ufPXJ9G7","2024-10-09 17:40:00","2024-10-09 23:00:00","发电机非驱动端轴承温度异常"
"英图风电场","xoyzYv2u","#131","yqWpiPJh","英图Ⅲ期","ufPXJ9G7","2024-10-09 13:30:00","2024-10-09 19:30:00","发电机非驱动端轴承温升异常"
"英图风电场","xoyzYv2u","#131","yqWpiPJh","英图Ⅲ期","ufPXJ9G7","2024-10-09 14:10:00","2024-10-09 23:20:00","发电机非驱动端轴承温度异常"
"昆头岭风电场","b7a5qrac","#79","c96wRoPU","昆头岭Ⅲ期","VNyTeDEw","2024-10-09 00:00:00","2024-10-09 17:30:00","发电机非驱动端轴承温升异常"
"英图风电场","xoyzYv2u","#057","lrqLtv3z","英图Ⅱ期","4W6Awgb2","2024-10-09 16:30:00","2024-10-09 20:30:00","发电机驱动端轴承温度异常"
"英图风电场","xoyzYv2u","#050","X39uvVed","英图Ⅱ期","4W6Awgb2","2024-10-09 15:40:00","2024-10-09 23:50:00","发电机非驱动端轴承温升异常"
"英图风电场","xoyzYv2u","#050","X39uvVed","英图Ⅱ期","4W6Awgb2","2024-10-09 15:50:00","2024-10-09 23:50:00","发电机非驱动端轴承温度异常"
"昆头岭风电场","b7a5qrac","#79","c96wRoPU","昆头岭Ⅲ期","VNyTeDEw","2024-10-10 03:00:00","2024-10-10 20:50:00","发电机非驱动端轴承温升异常"
"英图风电场","xoyzYv2u","#050","X39uvVed","英图Ⅱ期","4W6Awgb2","2024-10-10 00:00:00","2024-10-10 03:30:00","发电机非驱动端轴承温升异常"
"英图风电场","xoyzYv2u","#050","X39uvVed","英图Ⅱ期","4W6Awgb2","2024-10-10 00:00:00","2024-10-10 03:00:00","发电机非驱动端轴承温度异常"
"昆头岭风电场","b7a5qrac","#79","c96wRoPU","昆头岭Ⅲ期","VNyTeDEw","2024-10-11 03:10:00","2024-10-11 16:00:00","发电机非驱动端轴承温升异常"
"魁通沟风电场","1a650d6562800000","#034","1a67a95210000000","魁通沟Ⅰ期","1a650d6564800000","2024-10-11 01:40:00","2024-10-11 04:30:00","发电机非驱动端轴承温升异常"
"昆头岭风电场","b7a5qrac","#79","c96wRoPU","昆头岭Ⅲ期","VNyTeDEw","2024-10-12 01:10:00","2024-10-12 18:50:00","发电机非驱动端轴承温升异常"
"昆头岭风电场","b7a5qrac","#79","c96wRoPU","昆头岭Ⅲ期","VNyTeDEw","2024-10-13 08:10:00","2024-10-13 23:50:00","发电机非驱动端轴承温升异常"
"英图风电场","xoyzYv2u","#131","yqWpiPJh","英图Ⅲ期","ufPXJ9G7","2024-10-14 14:10:00","2024-10-14 14:50:00","发电机非驱动端轴承温度异常"
"昆头岭风电场","b7a5qrac","#79","c96wRoPU","昆头岭Ⅲ期","VNyTeDEw","2024-10-14 00:10:00","2024-10-14 07:00:00","发电机非驱动端轴承温升异常"
"昆头岭风电场","b7a5qrac","#79","c96wRoPU","昆头岭Ⅲ期","VNyTeDEw","2024-10-16 04:30:00","2024-10-16 21:10:00","发电机非驱动端轴承温升异常"
"英图风电场","xoyzYv2u","#050","X39uvVed","英图Ⅱ期","4W6Awgb2","2024-10-18 15:30:00","2024-10-18 17:40:00","发电机非驱动端轴承温升异常"
"英图风电场","xoyzYv2u","#050","X39uvVed","英图Ⅱ期","4W6Awgb2","2024-10-20 00:30:00","2024-10-20 23:50:00","发电机非驱动端轴承温升异常"
"英图风电场","xoyzYv2u","#050","X39uvVed","英图Ⅱ期","4W6Awgb2","2024-10-21 00:00:00","2024-10-21 06:50:00","发电机非驱动端轴承温升异常"
"昆头岭风电场","b7a5qrac","#79","c96wRoPU","昆头岭Ⅲ期","VNyTeDEw","2024-10-23 04:10:00","2024-10-23 20:30:00","发电机非驱动端轴承温升异常"
"昆头岭风电场","b7a5qrac","#79","c96wRoPU","昆头岭Ⅲ期","VNyTeDEw","2024-10-24 00:30:00","2024-10-24 19:50:00","发电机非驱动端轴承温升异常"
"昆头岭风电场","b7a5qrac","#79","c96wRoPU","昆头岭Ⅲ期","VNyTeDEw","2024-10-25 01:10:00","2024-10-25 22:00:00","发电机非驱动端轴承温升异常"
"魁通沟风电场","1a650d6562800000","#068","1a67a9524b000000","魁通沟Ⅰ期","1a650d6564800000","2024-10-26 20:40:00","2024-10-26 23:50:00","发电机非驱动端轴承温升异常"
"魁通沟风电场","1a650d6562800000","#068","1a67a9524b000000","魁通沟Ⅰ期","1a650d6564800000","2024-10-26 22:00:00","2024-10-26 23:50:00","发电机非驱动端轴承温度异常"
"魁通沟风电场","1a650d6562800000","#068","1a67a9524b000000","魁通沟Ⅰ期","1a650d6564800000","2024-10-27 00:00:00","2024-10-27 03:00:00","发电机非驱动端轴承温升异常"
"魁通沟风电场","1a650d6562800000","#068","1a67a9524b000000","魁通沟Ⅰ期","1a650d6564800000","2024-10-27 00:00:00","2024-10-27 01:10:00","发电机非驱动端轴承温度异常"
"昆头岭风电场","b7a5qrac","#79","c96wRoPU","昆头岭Ⅲ期","VNyTeDEw","2024-10-29 00:10:00","2024-10-29 20:20:00","发电机非驱动端轴承温升异常"
"昆头岭风电场","b7a5qrac","#79","c96wRoPU","昆头岭Ⅲ期","VNyTeDEw","2024-10-30 14:30:00","2024-10-30 23:50:00","发电机非驱动端轴承温升异常"
"昆头岭风电场","b7a5qrac","#79","c96wRoPU","昆头岭Ⅲ期","VNyTeDEw","2024-10-31 00:00:00","2024-10-31 16:40:00","发电机非驱动端轴承温升异常"
"昆头岭风电场","b7a5qrac","#79","c96wRoPU","昆头岭Ⅲ期","VNyTeDEw","2024-11-02 00:50:00","2024-11-02 18:20:00","发电机非驱动端轴承温升异常"
"魁通沟风电场","1a650d6562800000","#068","1a67a9524b000000","魁通沟Ⅰ期","1a650d6564800000","2024-11-02 15:10:00","2024-11-02 16:40:00","发电机非驱动端轴承温升异常"
"英图风电场","xoyzYv2u","#050","X39uvVed","英图Ⅱ期","4W6Awgb2","2024-11-02 14:40:00","2024-11-02 18:20:00","发电机非驱动端轴承温升异常"
"昆头岭风电场","b7a5qrac","#79","c96wRoPU","昆头岭Ⅲ期","VNyTeDEw","2024-11-11 08:30:00","2024-11-11 21:20:00","发电机非驱动端轴承温升异常"
"英图风电场","xoyzYv2u","#050","X39uvVed","英图Ⅱ期","4W6Awgb2","2024-11-11 00:30:00","2024-11-11 14:00:00","发电机非驱动端轴承温升异常"
"昆头岭风电场","b7a5qrac","#79","c96wRoPU","昆头岭Ⅲ期","VNyTeDEw","2024-11-13 00:20:00","2024-11-13 11:10:00","发电机非驱动端轴承温升异常"
"英图风电场","xoyzYv2u","#105","TlIg2ncT","英图Ⅱ期","4W6Awgb2","2024-11-20 16:30:00","2024-11-20 18:10:00","发电机驱动端轴承温度异常"
"英图风电场","xoyzYv2u","#105","TlIg2ncT","英图Ⅱ期","4W6Awgb2","2024-11-21 12:50:00","2024-11-21 17:50:00","发电机驱动端轴承温升异常"
"英图风电场","xoyzYv2u","#105","TlIg2ncT","英图Ⅱ期","4W6Awgb2","2024-11-22 19:30:00","2024-11-22 23:50:00","发电机驱动端轴承温度异常"
"英图风电场","xoyzYv2u","#105","TlIg2ncT","英图Ⅱ期","4W6Awgb2","2024-11-22 00:50:00","2024-11-22 23:50:00","发电机驱动端轴承温升异常"
"英图风电场","xoyzYv2u","#105","TlIg2ncT","英图Ⅱ期","4W6Awgb2","2024-11-23 00:00:00","2024-11-23 19:50:00","发电机驱动端轴承温度异常"
"英图风电场","xoyzYv2u","#105","TlIg2ncT","英图Ⅱ期","4W6Awgb2","2024-11-23 00:00:00","2024-11-23 23:00:00","发电机驱动端轴承温升异常"
"英图风电场","xoyzYv2u","#105","TlIg2ncT","英图Ⅱ期","4W6Awgb2","2024-11-24 14:50:00","2024-11-24 23:50:00","发电机驱动端轴承温度异常"
"英图风电场","xoyzYv2u","#105","TlIg2ncT","英图Ⅱ期","4W6Awgb2","2024-11-24 00:10:00","2024-11-24 23:50:00","发电机驱动端轴承温升异常"
"英图风电场","xoyzYv2u","#105","TlIg2ncT","英图Ⅱ期","4W6Awgb2","2024-11-25 00:00:00","2024-11-25 18:20:00","发电机驱动端轴承温度异常"
"英图风电场","xoyzYv2u","#105","TlIg2ncT","英图Ⅱ期","4W6Awgb2","2024-11-25 00:00:00","2024-11-25 20:50:00","发电机驱动端轴承温升异常"
"英图风电场","xoyzYv2u","#050","X39uvVed","英图Ⅱ期","4W6Awgb2","2024-11-28 04:20:00","2024-11-28 23:50:00","发电机非驱动端轴承温升异常"
"英图风电场","xoyzYv2u","#050","X39uvVed","英图Ⅱ期","4W6Awgb2","2024-11-29 00:00:00","2024-11-29 09:40:00","发电机非驱动端轴承温升异常"
"英图风电场","xoyzYv2u","#057","lrqLtv3z","英图Ⅱ期","4W6Awgb2","2024-11-30 05:30:00","2024-11-30 05:50:00","发电机驱动端轴承温度异常"
"英图风电场","xoyzYv2u","#057","lrqLtv3z","英图Ⅱ期","4W6Awgb2","2024-12-01 23:00:00","2024-12-01 23:50:00","发电机驱动端轴承温升异常"
"英图风电场","xoyzYv2u","#050","X39uvVed","英图Ⅱ期","4W6Awgb2","2024-12-01 16:10:00","2024-12-01 20:50:00","发电机非驱动端轴承温升异常"
"英图风电场","xoyzYv2u","#050","X39uvVed","英图Ⅱ期","4W6Awgb2","2024-12-01 16:10:00","2024-12-01 20:40:00","发电机非驱动端轴承温度异常"
"英图风电场","xoyzYv2u","#057","lrqLtv3z","英图Ⅱ期","4W6Awgb2","2024-12-02 00:00:00","2024-12-02 01:10:00","发电机驱动端轴承温升异常"
"英图风电场","xoyzYv2u","#057","lrqLtv3z","英图Ⅱ期","4W6Awgb2","2024-12-14 07:40:00","2024-12-14 10:50:00","发电机驱动端轴承温升异常"
"英图风电场","xoyzYv2u","#057","lrqLtv3z","英图Ⅱ期","4W6Awgb2","2024-12-15 05:30:00","2024-12-15 07:20:00","发电机驱动端轴承温升异常"
"英图风电场","xoyzYv2u","#057","lrqLtv3z","英图Ⅱ期","4W6Awgb2","2024-12-16 00:00:00","2024-12-16 08:10:00","发电机驱动端轴承温升异常"
"英图风电场","xoyzYv2u","#057","lrqLtv3z","英图Ⅱ期","4W6Awgb2","2024-12-26 00:10:00","2024-12-26 01:30:00","发电机驱动端轴承温升异常"
"英图风电场","xoyzYv2u","#057","lrqLtv3z","英图Ⅱ期","4W6Awgb2","2025-01-03 01:50:00","2025-01-03 03:20:00","发电机驱动端轴承温升异常"
"英图风电场","xoyzYv2u","#057","lrqLtv3z","英图Ⅱ期","4W6Awgb2","2025-01-05 20:40:00","2025-01-05 23:50:00","发电机驱动端轴承温升异常"
"英图风电场","xoyzYv2u","#057","lrqLtv3z","英图Ⅱ期","4W6Awgb2","2025-01-06 00:00:00","2025-01-06 05:50:00","发电机驱动端轴承温升异常"
